block,id,sensor_id,sensor_energy_value,sensor_timestamp,message_delay,computed_value
0,0,1,699.6,2025-12-08 00:00:00,52616.0,NO
0,1,1,710.8,2025-12-08 00:00:01,51614.0,NO
0,2,1,695.3,2025-12-08 00:00:02,50613.0,NO
0,3,1,695.3,2025-12-08 00:00:03,54620.0,NO
0,4,1,693.7,2025-12-08 00:00:04,53617.0,NO
0,5,1,695.2,2025-12-08 00:00:05,32581.0,NO
0,6,1,694.9,2025-12-08 00:00:06,31580.0,NO
0,7,1,694.4,2025-12-08 00:00:07,30578.0,NO
0,8,1,693.6,2025-12-08 00:00:08,29576.0,NO
0,9,1,700.2,2025-12-08 00:00:09,28574.0,NO
0,10,1,702.3,2025-12-08 00:00:10,27573.0,NO
0,11,1,694.8,2025-12-08 00:00:11,49611.0,NO
0,12,1,694.7,2025-12-08 00:00:12,48609.0,NO
0,13,1,693.1,2025-12-08 00:00:13,47607.0,NO
0,14,1,695.3,2025-12-08 00:00:14,46605.0,NO
0,15,1,693.7,2025-12-08 00:00:15,45604.0,NO
0,16,1,694.5,2025-12-08 00:00:16,44602.0,NO
0,17,1,694.6,2025-12-08 00:00:17,43600.0,NO
0,18,1,696.1,2025-12-08 00:00:18,42599.0,NO
0,19,1,708.9,2025-12-08 00:00:19,26571.0,NO
0,20,1,697.9,2025-12-08 00:00:20,25569.0,NO
0,21,1,701.4,2025-12-08 00:00:21,24568.0,NO
0,22,1,695.0,2025-12-08 00:00:22,23567.0,NO
0,23,1,695.6,2025-12-08 00:00:23,22566.0,NO
0,24,1,695.7,2025-12-08 00:00:24,21565.0,NO
0,25,1,690.8,2025-12-08 00:00:25,20563.0,NO
0,26,1,693.2,2025-12-08 00:00:26,19561.0,NO
0,27,1,713.7,2025-12-08 00:00:27,18560.0,NO
0,28,1,695.1,2025-12-08 00:00:28,41597.0,NO
0,29,1,694.1,2025-12-08 00:00:29,40595.0,NO
0,30,1,691.4,2025-12-08 00:00:30,39594.0,NO
0,31,1,690.4,2025-12-08 00:00:31,38592.0,NO
0,32,1,695.3,2025-12-08 00:00:32,37590.0,NO
0,33,1,827.1,2025-12-08 00:00:33,36588.0,NO
0,34,1,797.3,2025-12-08 00:00:34,35586.0,NO
0,35,1,803.6,2025-12-08 00:00:35,34584.0,NO
0,36,1,796.7,2025-12-08 00:00:36,17559.0,NO
0,37,1,704.4,2025-12-08 00:00:37,16557.0,NO
0,38,1,792.7,2025-12-08 00:00:38,15556.0,NO
0,39,1,850.3,2025-12-08 00:00:39,14554.0,NO
0,40,1,808.5,2025-12-08 00:00:40,13552.0,NO
0,41,1,810.8,2025-12-08 00:00:41,12551.0,NO
0,42,1,731.238,2025-12-08 00:00:42,30078.46,YES
0,43,1,731.238,2025-12-08 00:00:43,30078.46,YES
0,44,1,797.1,2025-12-08 00:00:44,33582.0,NO
0,45,1,794.5,2025-12-08 00:00:45,11550.0,NO
0,46,1,799.0,2025-12-08 00:00:46,10549.0,NO
0,47,1,795.6,2025-12-08 00:00:47,9547.0,NO
0,48,1,799.2,2025-12-08 00:00:48,8545.0,NO
0,49,1,795.9,2025-12-08 00:00:49,7544.0,NO
0,50,1,797.5,2025-12-08 00:00:50,6542.0,NO
0,51,1,801.1,2025-12-08 00:00:51,5540.0,NO
0,52,1,731.238,2025-12-08 00:00:52,30078.46,YES
0,53,1,731.238,2025-12-08 00:00:53,30078.46,YES
0,54,1,731.238,2025-12-08 00:00:54,30078.46,YES
0,55,1,731.238,2025-12-08 00:00:55,30078.46,YES
0,56,1,731.238,2025-12-08 00:00:56,30078.46,YES
0,57,1,731.238,2025-12-08 00:00:57,30078.46,YES
0,58,1,731.238,2025-12-08 00:00:58,30078.46,YES
0,59,1,731.238,2025-12-08 00:00:59,30078.46,YES
1,0,1,1203.753125,2025-12-08 00:01:00,28868.6875,YES
1,1,1,1203.753125,2025-12-08 00:01:01,28868.6875,YES
1,2,1,1203.753125,2025-12-08 00:01:02,28868.6875,YES
1,3,1,1203.753125,2025-12-08 00:01:03,28868.6875,YES
1,4,1,801.0,2025-12-08 00:01:04,44390.0,NO
1,5,1,1026.4,2025-12-08 00:01:05,43388.0,NO
1,6,1,1181.0,2025-12-08 00:01:06,42386.0,NO
1,7,1,1017.9,2025-12-08 00:01:07,41384.0,NO
1,8,1,998.6,2025-12-08 00:01:08,40383.0,NO
1,9,1,1076.1,2025-12-08 00:01:09,39381.0,NO
1,10,1,1009.1,2025-12-08 00:01:10,38380.0,NO
1,11,1,1203.753125,2025-12-08 00:01:11,28868.6875,YES
1,12,1,1203.753125,2025-12-08 00:01:12,28868.6875,YES
1,13,1,1203.753125,2025-12-08 00:01:13,28868.6875,YES
1,14,1,1203.753125,2025-12-08 00:01:14,28868.6875,YES
1,15,1,1203.753125,2025-12-08 00:01:15,28868.6875,YES
1,16,1,1203.753125,2025-12-08 00:01:16,28868.6875,YES
1,17,1,1203.753125,2025-12-08 00:01:17,28868.6875,YES
1,18,1,1203.753125,2025-12-08 00:01:18,28868.6875,YES
1,19,1,1231.6,2025-12-08 00:01:19,37379.0,NO
1,20,1,1241.7,2025-12-08 00:01:20,36378.0,NO
1,21,1,1244.7,2025-12-08 00:01:21,35377.0,NO
1,22,1,1240.0,2025-12-08 00:01:22,34375.0,NO
1,23,1,1247.0,2025-12-08 00:01:23,33374.0,NO
1,24,1,1251.8,2025-12-08 00:01:24,32372.0,NO
1,25,1,1247.7,2025-12-08 00:01:25,31370.0,NO
1,26,1,1245.2,2025-12-08 00:01:26,30369.0,NO
1,27,1,1251.2,2025-12-08 00:01:27,29368.0,NO
1,28,1,1250.8,2025-12-08 00:01:28,28368.0,NO
1,29,1,1253.0,2025-12-08 00:01:29,27367.0,NO
1,30,1,1203.753125,2025-12-08 00:01:30,28868.6875,YES
1,31,1,1203.753125,2025-12-08 00:01:31,28868.6875,YES
1,32,1,1203.753125,2025-12-08 00:01:32,28868.6875,YES
1,33,1,1203.753125,2025-12-08 00:01:33,28868.6875,YES
1,34,1,1203.753125,2025-12-08 00:01:34,28868.6875,YES
1,35,1,1203.753125,2025-12-08 00:01:35,28868.6875,YES
1,36,1,1203.753125,2025-12-08 00:01:36,28868.6875,YES
1,37,1,1203.753125,2025-12-08 00:01:37,28868.6875,YES
1,38,1,1243.8,2025-12-08 00:01:38,26366.0,NO
1,39,1,1248.7,2025-12-08 00:01:39,25365.0,NO
1,40,1,1249.9,2025-12-08 00:01:40,24363.0,NO
1,41,1,1249.9,2025-12-08 00:01:41,23362.0,NO
1,42,1,1255.7,2025-12-08 00:01:42,22361.0,NO
1,43,1,1259.2,2025-12-08 00:01:43,21360.0,NO
1,44,1,1257.6,2025-12-08 00:01:44,20359.0,NO
1,45,1,1266.0,2025-12-08 00:01:45,19358.0,NO
1,46,1,1203.753125,2025-12-08 00:01:46,28868.6875,YES
1,47,1,1203.753125,2025-12-08 00:01:47,28868.6875,YES
1,48,1,1203.753125,2025-12-08 00:01:48,28868.6875,YES
1,49,1,1203.753125,2025-12-08 00:01:49,28868.6875,YES
1,50,1,1203.753125,2025-12-08 00:01:50,28868.6875,YES
1,51,1,1203.753125,2025-12-08 00:01:51,28868.6875,YES
1,52,1,1203.753125,2025-12-08 00:01:52,28868.6875,YES
1,53,1,1203.753125,2025-12-08 00:01:53,28868.6875,YES
1,54,1,1274.6,2025-12-08 00:01:54,18357.0,NO
1,55,1,1273.1,2025-12-08 00:01:55,17355.0,NO
1,56,1,1273.5,2025-12-08 00:01:56,16353.0,NO
1,57,1,1279.1,2025-12-08 00:01:57,15351.0,NO
1,58,1,1277.1,2025-12-08 00:01:58,14350.0,NO
1,59,1,1297.1,2025-12-08 00:01:59,13349.0,NO
2,0,1,1279.1,2025-12-08 00:02:00,82396.0,NO
2,1,1,1272.2,2025-12-08 00:02:01,81394.0,NO
2,2,1,1270.8,2025-12-08 00:02:02,44337.0,NO
2,3,1,1271.8,2025-12-08 00:02:03,43335.0,NO
2,4,1,1271.3,2025-12-08 00:02:04,42334.0,NO
2,5,1,1270.7,2025-12-08 00:02:05,41332.0,NO
2,6,1,1272.9,2025-12-08 00:02:06,40330.0,NO
2,7,1,1276.5,2025-12-08 00:02:07,39329.0,NO
2,8,1,1268.7,2025-12-08 00:02:08,38325.0,NO
2,9,1,1272.571429,2025-12-08 00:02:09,35208.828571,YES
2,10,1,1270.3,2025-12-08 00:02:10,80392.0,NO
2,11,1,1266.6,2025-12-08 00:02:11,79391.0,NO
2,12,1,1271.5,2025-12-08 00:02:12,37324.0,NO
2,13,1,1267.8,2025-12-08 00:02:13,36322.0,NO
2,14,1,1268.8,2025-12-08 00:02:14,35321.0,NO
2,15,1,1288.2,2025-12-08 00:02:15,34320.0,NO
2,16,1,1267.6,2025-12-08 00:02:16,33319.0,NO
2,17,1,1271.8,2025-12-08 00:02:17,32317.0,NO
2,18,1,1272.5,2025-12-08 00:02:18,31316.0,NO
2,19,1,1277.3,2025-12-08 00:02:19,30315.0,NO
2,20,1,1277.5,2025-12-08 00:02:20,29314.0,NO
2,21,1,1280.7,2025-12-08 00:02:21,28313.0,NO
2,22,1,1274.7,2025-12-08 00:02:22,27312.0,NO
2,23,1,1272.571429,2025-12-08 00:02:23,35208.828571,YES
2,24,1,1272.571429,2025-12-08 00:02:24,35208.828571,YES
2,25,1,1272.571429,2025-12-08 00:02:25,35208.828571,YES
2,26,1,1272.571429,2025-12-08 00:02:26,35208.828571,YES
2,27,1,1272.571429,2025-12-08 00:02:27,35208.828571,YES
2,28,1,1272.571429,2025-12-08 00:02:28,35208.828571,YES
2,29,1,1272.571429,2025-12-08 00:02:29,35208.828571,YES
2,30,1,1272.571429,2025-12-08 00:02:30,35208.828571,YES
2,31,1,1272.571429,2025-12-08 00:02:31,35208.828571,YES
2,32,1,1272.571429,2025-12-08 00:02:32,35208.828571,YES
2,33,1,1272.571429,2025-12-08 00:02:33,35208.828571,YES
2,34,1,1272.571429,2025-12-08 00:02:34,35208.828571,YES
2,35,1,1272.571429,2025-12-08 00:02:35,35208.828571,YES
2,36,1,1272.571429,2025-12-08 00:02:36,35208.828571,YES
2,37,1,1272.571429,2025-12-08 00:02:37,35208.828571,YES
2,38,1,1272.571429,2025-12-08 00:02:38,35208.828571,YES
2,39,1,1273.3,2025-12-08 00:02:39,26310.0,NO
2,40,1,1272.9,2025-12-08 00:02:40,25309.0,NO
2,41,1,1277.5,2025-12-08 00:02:41,24307.0,NO
2,42,1,1269.7,2025-12-08 00:02:42,23306.0,NO
2,43,1,1266.1,2025-12-08 00:02:43,22304.0,NO
2,44,1,1271.0,2025-12-08 00:02:44,21303.0,NO
2,45,1,1269.3,2025-12-08 00:02:45,20301.0,NO
2,46,1,1272.8,2025-12-08 00:02:46,19300.0,NO
2,47,1,1272.571429,2025-12-08 00:02:47,35208.828571,YES
2,48,1,1272.571429,2025-12-08 00:02:48,35208.828571,YES
2,49,1,1272.571429,2025-12-08 00:02:49,35208.828571,YES
2,50,1,1272.571429,2025-12-08 00:02:50,35208.828571,YES
2,51,1,1272.571429,2025-12-08 00:02:51,35208.828571,YES
2,52,1,1272.571429,2025-12-08 00:02:52,35208.828571,YES
2,53,1,1272.571429,2025-12-08 00:02:53,35208.828571,YES
2,54,1,1272.571429,2025-12-08 00:02:54,35208.828571,YES
2,55,1,1269.0,2025-12-08 00:02:55,18299.0,NO
2,56,1,1269.0,2025-12-08 00:02:56,17297.0,NO
2,57,1,1273.6,2025-12-08 00:02:57,16296.0,NO
2,58,1,1269.1,2025-12-08 00:02:58,15295.0,NO
2,59,1,1277.4,2025-12-08 00:02:59,14294.0,NO
3,0,1,1271.2,2025-12-08 00:03:00,83202.0,NO
3,1,1,1273.9,2025-12-08 00:03:01,82201.0,NO
3,2,1,1271.9,2025-12-08 00:03:02,81200.0,NO
3,3,1,1269.8,2025-12-08 00:03:03,80199.0,NO
3,4,1,1285.8,2025-12-08 00:03:04,79197.0,NO
3,5,1,1270.1,2025-12-08 00:03:05,78196.0,NO
3,6,1,1291.2,2025-12-08 00:03:06,77194.0,NO
3,7,1,1266.4,2025-12-08 00:03:07,76193.0,NO
3,8,1,1264.3,2025-12-08 00:03:08,75191.0,NO
3,9,1,1275.5,2025-12-08 00:03:09,74190.0,NO
3,10,1,1272.3,2025-12-08 00:03:10,73188.0,NO
3,11,1,1268.3,2025-12-08 00:03:11,39147.0,NO
3,12,1,1271.6,2025-12-08 00:03:12,38146.0,NO
3,13,1,1267.8,2025-12-08 00:03:13,37144.0,NO
3,14,1,1269.1,2025-12-08 00:03:14,36143.0,NO
3,15,1,1279.5,2025-12-08 00:03:15,35142.0,NO
3,16,1,1265.1,2025-12-08 00:03:16,34141.0,NO
3,17,1,1267.3,2025-12-08 00:03:17,33139.0,NO
3,18,1,1271.7,2025-12-08 00:03:18,32138.0,NO
3,19,1,1273.7,2025-12-08 00:03:19,31136.0,NO
3,20,1,1271.5,2025-12-08 00:03:20,30135.0,NO
3,21,1,1275.9,2025-12-08 00:03:21,29134.0,NO
3,22,1,1274.3,2025-12-08 00:03:22,28132.0,NO
3,23,1,1280.4,2025-12-08 00:03:23,72186.0,NO
3,24,1,1283.8,2025-12-08 00:03:24,71185.0,NO
3,25,1,1263.9,2025-12-08 00:03:25,70183.0,NO
3,26,1,1270.2,2025-12-08 00:03:26,69182.0,NO
3,27,1,1307.2,2025-12-08 00:03:27,68181.0,NO
3,28,1,1400.8,2025-12-08 00:03:28,67180.0,NO
3,29,1,1377.4,2025-12-08 00:03:29,66179.0,NO
3,30,1,1377.1,2025-12-08 00:03:30,65178.0,NO
3,31,1,1377.2,2025-12-08 00:03:31,27131.0,NO
3,32,1,1377.5,2025-12-08 00:03:32,26130.0,NO
3,33,1,1380.9,2025-12-08 00:03:33,25129.0,NO
3,34,1,1385.2,2025-12-08 00:03:34,24127.0,NO
3,35,1,1390.8,2025-12-08 00:03:35,23126.0,NO
3,36,1,1366.7,2025-12-08 00:03:36,22124.0,NO
3,37,1,1324.712,2025-12-08 00:03:37,43151.08,YES
3,38,1,1324.712,2025-12-08 00:03:38,43151.08,YES
3,39,1,1380.6,2025-12-08 00:03:39,21123.0,NO
3,40,1,1381.1,2025-12-08 00:03:40,20121.0,NO
3,41,1,1374.5,2025-12-08 00:03:41,19120.0,NO
3,42,1,1382.2,2025-12-08 00:03:42,18119.0,NO
3,43,1,1373.4,2025-12-08 00:03:43,17118.0,NO
3,44,1,1379.1,2025-12-08 00:03:44,16117.0,NO
3,45,1,1376.6,2025-12-08 00:03:45,15116.0,NO
3,46,1,1376.0,2025-12-08 00:03:46,14115.0,NO
3,47,1,1324.712,2025-12-08 00:03:47,43151.08,YES
3,48,1,1324.712,2025-12-08 00:03:48,43151.08,YES
3,49,1,1324.712,2025-12-08 00:03:49,43151.08,YES
3,50,1,1324.712,2025-12-08 00:03:50,43151.08,YES
3,51,1,1324.712,2025-12-08 00:03:51,43151.08,YES
3,52,1,1324.712,2025-12-08 00:03:52,43151.08,YES
3,53,1,1324.712,2025-12-08 00:03:53,43151.08,YES
3,54,1,1324.712,2025-12-08 00:03:54,43151.08,YES
3,55,1,1376.1,2025-12-08 00:03:55,13114.0,NO
3,56,1,1405.4,2025-12-08 00:03:56,12112.0,NO
3,57,1,1447.6,2025-12-08 00:03:57,11111.0,NO
3,58,1,1438.7,2025-12-08 00:03:58,10110.0,NO
3,59,1,1437.0,2025-12-08 00:03:59,9109.0,NO
4,0,1,1447.4,2025-12-08 00:04:00,38066.0,NO
4,1,1,1447.4,2025-12-08 00:04:01,37065.0,NO
4,2,1,1437.7,2025-12-08 00:04:02,36064.0,NO
4,3,1,1474.944444,2025-12-08 00:04:03,25053.0,YES
4,4,1,1474.944444,2025-12-08 00:04:04,25053.0,YES
4,5,1,1474.944444,2025-12-08 00:04:05,25053.0,YES
4,6,1,1474.944444,2025-12-08 00:04:06,25053.0,YES
4,7,1,1474.944444,2025-12-08 00:04:07,25053.0,YES
4,8,1,1474.944444,2025-12-08 00:04:08,25053.0,YES
4,9,1,1474.944444,2025-12-08 00:04:09,25053.0,YES
4,10,1,1474.944444,2025-12-08 00:04:10,25053.0,YES
4,11,1,1474.944444,2025-12-08 00:04:11,25053.0,YES
4,12,1,1474.944444,2025-12-08 00:04:12,25053.0,YES
4,13,1,1474.944444,2025-12-08 00:04:13,25053.0,YES
4,14,1,1474.944444,2025-12-08 00:04:14,25053.0,YES
4,15,1,1474.944444,2025-12-08 00:04:15,25053.0,YES
4,16,1,1448.0,2025-12-08 00:04:16,35062.0,NO
4,17,1,1439.5,2025-12-08 00:04:17,34061.0,NO
4,18,1,1438.1,2025-12-08 00:04:18,33060.0,NO
4,19,1,1444.6,2025-12-08 00:04:19,32059.0,NO
4,20,1,1446.1,2025-12-08 00:04:20,31058.0,NO
4,21,1,1445.6,2025-12-08 00:04:21,30057.0,NO
4,22,1,1448.8,2025-12-08 00:04:22,29056.0,NO
4,23,1,1433.7,2025-12-08 00:04:23,28055.0,NO
4,24,1,1474.944444,2025-12-08 00:04:24,25053.0,YES
4,25,1,1474.944444,2025-12-08 00:04:25,25053.0,YES
4,26,1,1474.944444,2025-12-08 00:04:26,25053.0,YES
4,27,1,1474.944444,2025-12-08 00:04:27,25053.0,YES
4,28,1,1474.944444,2025-12-08 00:04:28,25053.0,YES
4,29,1,1474.944444,2025-12-08 00:04:29,25053.0,YES
4,30,1,1474.944444,2025-12-08 00:04:30,25053.0,YES
4,31,1,1474.944444,2025-12-08 00:04:31,25053.0,YES
4,32,1,1450.0,2025-12-08 00:04:32,27054.0,NO
4,33,1,1436.3,2025-12-08 00:04:33,26053.0,NO
4,34,1,1436.4,2025-12-08 00:04:34,25053.0,NO
4,35,1,1430.8,2025-12-08 00:04:35,24052.0,NO
4,36,1,1453.1,2025-12-08 00:04:36,23051.0,NO
4,37,1,1519.4,2025-12-08 00:04:37,22050.0,NO
4,38,1,1517.6,2025-12-08 00:04:38,21049.0,NO
4,39,1,1517.7,2025-12-08 00:04:39,20049.0,NO
4,40,1,1519.5,2025-12-08 00:04:40,19048.0,NO
4,41,1,1525.4,2025-12-08 00:04:41,18047.0,NO
4,42,1,1522.1,2025-12-08 00:04:42,17046.0,NO
4,43,1,1521.4,2025-12-08 00:04:43,16045.0,NO
4,44,1,1523.2,2025-12-08 00:04:44,15044.0,NO
4,45,1,1525.5,2025-12-08 00:04:45,14043.0,NO
4,46,1,1525.0,2025-12-08 00:04:46,13042.0,NO
4,47,1,1523.2,2025-12-08 00:04:47,12042.0,NO
4,48,1,1474.944444,2025-12-08 00:04:48,25053.0,YES
4,49,1,1474.944444,2025-12-08 00:04:49,25053.0,YES
4,50,1,1474.944444,2025-12-08 00:04:50,25053.0,YES
4,51,1,1474.944444,2025-12-08 00:04:51,25053.0,YES
4,52,1,1474.944444,2025-12-08 00:04:52,25053.0,YES
4,53,1,1474.944444,2025-12-08 00:04:53,25053.0,YES
4,54,1,1474.944444,2025-12-08 00:04:54,25053.0,YES
4,55,1,1474.944444,2025-12-08 00:04:55,25053.0,YES
4,56,1,1474.944444,2025-12-08 00:04:56,25053.0,YES
4,57,1,1474.944444,2025-12-08 00:04:57,25053.0,YES
4,58,1,1474.944444,2025-12-08 00:04:58,25053.0,YES
4,59,1,1474.944444,2025-12-08 00:04:59,25053.0,YES
5,0,1,1603.994444,2025-12-08 00:05:00,26890.777778,YES
5,1,1,1603.994444,2025-12-08 00:05:01,26890.777778,YES
5,2,1,1603.994444,2025-12-08 00:05:02,26890.777778,YES
5,3,1,1603.994444,2025-12-08 00:05:03,26890.777778,YES
5,4,1,1521.0,2025-12-08 00:05:04,81118.0,NO
5,5,1,1519.3,2025-12-08 00:05:05,80116.0,NO
5,6,1,1525.3,2025-12-08 00:05:06,79115.0,NO
5,7,1,1533.0,2025-12-08 00:05:07,38068.0,NO
5,8,1,1517.4,2025-12-08 00:05:08,37067.0,NO
5,9,1,1526.6,2025-12-08 00:05:09,36066.0,NO
5,10,1,1537.7,2025-12-08 00:05:10,35065.0,NO
5,11,1,1518.0,2025-12-08 00:05:11,34064.0,NO
5,12,1,1518.7,2025-12-08 00:05:12,33063.0,NO
5,13,1,1518.7,2025-12-08 00:05:13,32062.0,NO
5,14,1,1519.6,2025-12-08 00:05:14,31061.0,NO
5,15,1,1524.2,2025-12-08 00:05:15,30060.0,NO
5,16,1,1603.994444,2025-12-08 00:05:16,26890.777778,YES
5,17,1,1603.994444,2025-12-08 00:05:17,26890.777778,YES
5,18,1,1603.994444,2025-12-08 00:05:18,26890.777778,YES
5,19,1,1603.994444,2025-12-08 00:05:19,26890.777778,YES
5,20,1,1603.994444,2025-12-08 00:05:20,26890.777778,YES
5,21,1,1603.994444,2025-12-08 00:05:21,26890.777778,YES
5,22,1,1603.994444,2025-12-08 00:05:22,26890.777778,YES
5,23,1,1603.994444,2025-12-08 00:05:23,26890.777778,YES
5,24,1,1523.5,2025-12-08 00:05:24,29059.0,NO
5,25,1,1521.9,2025-12-08 00:05:25,28058.0,NO
5,26,1,1586.5,2025-12-08 00:05:26,27058.0,NO
5,27,1,1641.7,2025-12-08 00:05:27,26056.0,NO
5,28,1,1661.5,2025-12-08 00:05:28,25055.0,NO
5,29,1,1650.5,2025-12-08 00:05:29,24054.0,NO
5,30,1,1658.5,2025-12-08 00:05:30,23052.0,NO
5,31,1,1678.8,2025-12-08 00:05:31,22051.0,NO
5,32,1,1603.994444,2025-12-08 00:05:32,26890.777778,YES
5,33,1,1603.994444,2025-12-08 00:05:33,26890.777778,YES
5,34,1,1603.994444,2025-12-08 00:05:34,26890.777778,YES
5,35,1,1603.994444,2025-12-08 00:05:35,26890.777778,YES
5,36,1,1603.994444,2025-12-08 00:05:36,26890.777778,YES
5,37,1,1603.994444,2025-12-08 00:05:37,26890.777778,YES
5,38,1,1603.994444,2025-12-08 00:05:38,26890.777778,YES
5,39,1,1603.994444,2025-12-08 00:05:39,26890.777778,YES
5,40,1,1660.4,2025-12-08 00:05:40,21050.0,NO
5,41,1,1658.5,2025-12-08 00:05:41,20049.0,NO
5,42,1,1658.1,2025-12-08 00:05:42,19048.0,NO
5,43,1,1660.9,2025-12-08 00:05:43,18047.0,NO
5,44,1,1656.0,2025-12-08 00:05:44,17046.0,NO
5,45,1,1658.1,2025-12-08 00:05:45,16045.0,NO
5,46,1,1664.1,2025-12-08 00:05:46,15045.0,NO
5,47,1,1653.0,2025-12-08 00:05:47,14044.0,NO
5,48,1,1659.9,2025-12-08 00:05:48,13043.0,NO
5,49,1,1659.2,2025-12-08 00:05:49,12043.0,NO
5,50,1,1661.0,2025-12-08 00:05:50,11042.0,NO
5,51,1,1658.9,2025-12-08 00:05:51,10041.0,NO
5,52,1,1658.9,2025-12-08 00:05:52,9040.0,NO
5,53,1,1656.0,2025-12-08 00:05:53,8040.0,NO
5,54,1,1661.9,2025-12-08 00:05:54,7039.0,NO
5,55,1,1656.5,2025-12-08 00:05:55,6038.0,NO
5,56,1,1603.994444,2025-12-08 00:05:56,26890.777778,YES
5,57,1,1603.994444,2025-12-08 00:05:57,26890.777778,YES
5,58,1,1603.994444,2025-12-08 00:05:58,26890.777778,YES
5,59,1,1603.994444,2025-12-08 00:05:59,26890.777778,YES
6,0,1,1665.2,2025-12-08 00:06:00,38042.0,NO
6,1,1,1662.2,2025-12-08 00:06:01,37039.0,NO
6,2,1,1665.4,2025-12-08 00:06:02,36038.0,NO
6,3,1,1661.2,2025-12-08 00:06:03,35037.0,NO
6,4,1,1657.8,2025-12-08 00:06:04,34037.0,NO
6,5,1,1660.2,2025-12-08 00:06:05,33036.0,NO
6,6,1,1660.8,2025-12-08 00:06:06,32035.0,NO
6,7,1,1662.0,2025-12-08 00:06:07,31034.0,NO
6,8,1,1657.4,2025-12-08 00:06:08,30033.0,NO
6,9,1,1667.2,2025-12-08 00:06:09,75085.0,NO
6,10,1,1669.9,2025-12-08 00:06:10,74084.0,NO
6,11,1,1659.0,2025-12-08 00:06:11,73083.0,NO
6,12,1,1677.0,2025-12-08 00:06:12,72082.0,NO
6,13,1,1662.9,2025-12-08 00:06:13,71081.0,NO
6,14,1,1659.6,2025-12-08 00:06:14,70081.0,NO
6,15,1,1661.2,2025-12-08 00:06:15,69080.0,NO
6,16,1,1656.5,2025-12-08 00:06:16,68079.0,NO
6,17,1,1657.6,2025-12-08 00:06:17,29031.0,NO
6,18,1,1676.1,2025-12-08 00:06:18,28028.0,NO
6,19,1,1667.9,2025-12-08 00:06:19,27027.0,NO
6,20,1,1662.830769,2025-12-08 00:06:20,35961.333333,YES
6,21,1,1662.830769,2025-12-08 00:06:21,35961.333333,YES
6,22,1,1662.830769,2025-12-08 00:06:22,35961.333333,YES
6,23,1,1662.830769,2025-12-08 00:06:23,35961.333333,YES
6,24,1,1662.830769,2025-12-08 00:06:24,35961.333333,YES
6,25,1,1660.0,2025-12-08 00:06:25,67078.0,NO
6,26,1,1669.5,2025-12-08 00:06:26,66078.0,NO
6,27,1,1659.9,2025-12-08 00:06:27,26026.0,NO
6,28,1,1663.0,2025-12-08 00:06:28,25025.0,NO
6,29,1,1657.2,2025-12-08 00:06:29,24024.0,NO
6,30,1,1660.4,2025-12-08 00:06:30,23023.0,NO
6,31,1,1660.3,2025-12-08 00:06:31,22021.0,NO
6,32,1,1670.6,2025-12-08 00:06:32,21020.0,NO
6,33,1,1662.830769,2025-12-08 00:06:33,35961.333333,YES
6,34,1,1662.830769,2025-12-08 00:06:34,35961.333333,YES
6,35,1,1662.830769,2025-12-08 00:06:35,35961.333333,YES
6,36,1,1662.830769,2025-12-08 00:06:36,35961.333333,YES
6,37,1,1662.830769,2025-12-08 00:06:37,35961.333333,YES
6,38,1,1662.830769,2025-12-08 00:06:38,35961.333333,YES
6,39,1,1662.830769,2025-12-08 00:06:39,35961.333333,YES
6,40,1,1662.830769,2025-12-08 00:06:40,35961.333333,YES
6,41,1,1660.8,2025-12-08 00:06:41,20018.0,NO
6,42,1,1663.3,2025-12-08 00:06:42,19017.0,NO
6,43,1,1661.1,2025-12-08 00:06:43,18015.0,NO
6,44,1,1664.5,2025-12-08 00:06:44,17014.0,NO
6,45,1,1660.4,2025-12-08 00:06:45,16013.0,NO
6,46,1,1660.0,2025-12-08 00:06:46,15011.0,NO
6,47,1,1657.3,2025-12-08 00:06:47,14010.0,NO
6,48,1,1662.7,2025-12-08 00:06:48,13009.0,NO
6,49,1,1662.830769,2025-12-08 00:06:49,35961.333333,YES
6,50,1,1662.830769,2025-12-08 00:06:50,35961.333333,YES
6,51,1,1662.830769,2025-12-08 00:06:51,35961.333333,YES
6,52,1,1662.830769,2025-12-08 00:06:52,35961.333333,YES
6,53,1,1662.830769,2025-12-08 00:06:53,35961.333333,YES
6,54,1,1662.830769,2025-12-08 00:06:54,35961.333333,YES
6,55,1,1662.830769,2025-12-08 00:06:55,35961.333333,YES
6,56,1,1662.830769,2025-12-08 00:06:56,35961.333333,YES
6,57,1,1671.0,2025-12-08 00:06:57,12007.0,NO
6,58,1,1661.0,2025-12-08 00:06:58,11006.0,NO
6,59,1,1660.3,2025-12-08 00:06:59,10005.0,NO
7,0,1,1666.8,2025-12-08 00:07:00,89009.0,NO
7,1,1,1664.8,2025-12-08 00:07:01,88008.0,NO
7,2,1,1665.6,2025-12-08 00:07:02,87006.0,NO
7,3,1,1664.7,2025-12-08 00:07:03,86005.0,NO
7,4,1,1660.1,2025-12-08 00:07:04,85004.0,NO
7,5,1,1657.1,2025-12-08 00:07:05,84003.0,NO
7,6,1,1657.1,2025-12-08 00:07:06,83001.0,NO
7,7,1,1661.0,2025-12-08 00:07:07,82000.0,NO
7,8,1,1656.3,2025-12-08 00:07:08,80999.0,NO
7,9,1,1665.0,2025-12-08 00:07:09,41954.0,NO
7,10,1,1657.6,2025-12-08 00:07:10,40953.0,NO
7,11,1,1662.0,2025-12-08 00:07:11,39952.0,NO
7,12,1,1658.0,2025-12-08 00:07:12,38951.0,NO
7,13,1,1662.1,2025-12-08 00:07:13,37950.0,NO
7,14,1,1658.8,2025-12-08 00:07:14,36949.0,NO
7,15,1,1663.7,2025-12-08 00:07:15,35948.0,NO
7,16,1,1661.0,2025-12-08 00:07:16,34947.0,NO
7,17,1,1661.0,2025-12-08 00:07:17,79998.0,NO
7,18,1,1661.9,2025-12-08 00:07:18,78996.0,NO
7,19,1,1668.6,2025-12-08 00:07:19,77996.0,NO
7,20,1,1667.3,2025-12-08 00:07:20,76995.0,NO
7,21,1,1658.9,2025-12-08 00:07:21,75993.0,NO
7,22,1,1657.3,2025-12-08 00:07:22,74993.0,NO
7,23,1,1663.7,2025-12-08 00:07:23,73991.0,NO
7,24,1,1664.6,2025-12-08 00:07:24,72990.0,NO
7,25,1,1660.6,2025-12-08 00:07:25,33946.0,NO
7,26,1,1665.2,2025-12-08 00:07:26,32945.0,NO
7,27,1,1654.9,2025-12-08 00:07:27,31944.0,NO
7,28,1,1660.4,2025-12-08 00:07:28,30942.0,NO
7,29,1,1660.3,2025-12-08 00:07:29,29941.0,NO
7,30,1,1680.3,2025-12-08 00:07:30,28940.0,NO
7,31,1,1660.4,2025-12-08 00:07:31,27939.0,NO
7,32,1,1662.4,2025-12-08 00:07:32,26938.0,NO
7,33,1,1662.8,2025-12-08 00:07:33,71989.0,NO
7,34,1,1659.9,2025-12-08 00:07:34,70988.0,NO
7,35,1,1660.1,2025-12-08 00:07:35,69986.0,NO
7,36,1,1659.9,2025-12-08 00:07:36,68985.0,NO
7,37,1,1663.0,2025-12-08 00:07:37,67984.0,NO
7,38,1,1662.1,2025-12-08 00:07:38,66982.0,NO
7,39,1,1662.5,2025-12-08 00:07:39,65981.0,NO
7,40,1,1661.6,2025-12-08 00:07:40,64979.0,NO
7,41,1,1662.9,2025-12-08 00:07:41,25937.0,NO
7,42,1,1668.3,2025-12-08 00:07:42,24936.0,NO
7,43,1,1656.1,2025-12-08 00:07:43,23934.0,NO
7,44,1,1652.5,2025-12-08 00:07:44,22933.0,NO
7,45,1,1659.3,2025-12-08 00:07:45,21931.0,NO
7,46,1,1660.9,2025-12-08 00:07:46,20930.0,NO
7,47,1,1661.774138,2025-12-08 00:07:47,48876.137931,YES
7,48,1,1661.774138,2025-12-08 00:07:48,48876.137931,YES
7,49,1,1659.9,2025-12-08 00:07:49,63978.0,NO
7,50,1,1659.1,2025-12-08 00:07:50,19929.0,NO
7,51,1,1662.5,2025-12-08 00:07:51,18927.0,NO
7,52,1,1657.8,2025-12-08 00:07:52,17926.0,NO
7,53,1,1658.8,2025-12-08 00:07:53,16926.0,NO
7,54,1,1658.5,2025-12-08 00:07:54,15924.0,NO
7,55,1,1663.4,2025-12-08 00:07:55,14923.0,NO
7,56,1,1667.0,2025-12-08 00:07:56,13922.0,NO
7,57,1,1666.0,2025-12-08 00:07:57,12921.0,NO
7,58,1,1665.2,2025-12-08 00:07:58,11920.0,NO
7,59,1,1663.3,2025-12-08 00:07:59,10919.0,NO
8,0,1,1666.1,2025-12-08 00:08:00,39886.0,NO
8,1,1,1667.0,2025-12-08 00:08:01,38885.0,NO
8,2,1,1664.3,2025-12-08 00:08:02,4850.0,NO
8,3,1,1660.9,2025-12-08 00:08:03,3849.0,NO
8,4,1,1670.0,2025-12-08 00:08:04,2847.0,NO
8,5,1,1661.1,2025-12-08 00:08:05,1846.0,NO
8,6,1,1665.771875,2025-12-08 00:08:06,23493.46875,YES
8,7,1,1665.771875,2025-12-08 00:08:07,23493.46875,YES
8,8,1,1665.771875,2025-12-08 00:08:08,23493.46875,YES
8,9,1,1665.771875,2025-12-08 00:08:09,23493.46875,YES
8,10,1,1664.2,2025-12-08 00:08:10,37884.0,NO
8,11,1,1663.6,2025-12-08 00:08:11,36883.0,NO
8,12,1,1664.1,2025-12-08 00:08:12,35882.0,NO
8,13,1,1664.1,2025-12-08 00:08:13,34881.0,NO
8,14,1,1666.4,2025-12-08 00:08:14,33879.0,NO
8,15,1,1659.1,2025-12-08 00:08:15,32878.0,NO
8,16,1,1660.5,2025-12-08 00:08:16,31877.0,NO
8,17,1,1662.7,2025-12-08 00:08:17,30876.0,NO
8,18,1,1665.771875,2025-12-08 00:08:18,23493.46875,YES
8,19,1,1665.771875,2025-12-08 00:08:19,23493.46875,YES
8,20,1,1665.771875,2025-12-08 00:08:20,23493.46875,YES
8,21,1,1665.771875,2025-12-08 00:08:21,23493.46875,YES
8,22,1,1665.771875,2025-12-08 00:08:22,23493.46875,YES
8,23,1,1665.771875,2025-12-08 00:08:23,23493.46875,YES
8,24,1,1665.771875,2025-12-08 00:08:24,23493.46875,YES
8,25,1,1665.771875,2025-12-08 00:08:25,23493.46875,YES
8,26,1,1671.3,2025-12-08 00:08:26,29874.0,NO
8,27,1,1663.6,2025-12-08 00:08:27,28873.0,NO
8,28,1,1666.7,2025-12-08 00:08:28,27872.0,NO
8,29,1,1660.9,2025-12-08 00:08:29,26871.0,NO
8,30,1,1666.1,2025-12-08 00:08:30,25871.0,NO
8,31,1,1662.3,2025-12-08 00:08:31,24870.0,NO
8,32,1,1663.4,2025-12-08 00:08:32,23868.0,NO
8,33,1,1668.4,2025-12-08 00:08:33,22867.0,NO
8,34,1,1665.771875,2025-12-08 00:08:34,23493.46875,YES
8,35,1,1665.771875,2025-12-08 00:08:35,23493.46875,YES
8,36,1,1665.771875,2025-12-08 00:08:36,23493.46875,YES
8,37,1,1665.771875,2025-12-08 00:08:37,23493.46875,YES
8,38,1,1665.771875,2025-12-08 00:08:38,23493.46875,YES
8,39,1,1665.771875,2025-12-08 00:08:39,23493.46875,YES
8,40,1,1665.771875,2025-12-08 00:08:40,23493.46875,YES
8,41,1,1665.771875,2025-12-08 00:08:41,23493.46875,YES
8,42,1,1665.771875,2025-12-08 00:08:42,23493.46875,YES
8,43,1,1665.771875,2025-12-08 00:08:43,23493.46875,YES
8,44,1,1665.771875,2025-12-08 00:08:44,23493.46875,YES
8,45,1,1665.771875,2025-12-08 00:08:45,23493.46875,YES
8,46,1,1665.771875,2025-12-08 00:08:46,23493.46875,YES
8,47,1,1665.771875,2025-12-08 00:08:47,23493.46875,YES
8,48,1,1665.771875,2025-12-08 00:08:48,23493.46875,YES
8,49,1,1665.771875,2025-12-08 00:08:49,23493.46875,YES
8,50,1,1681.2,2025-12-08 00:08:50,21866.0,NO
8,51,1,1675.9,2025-12-08 00:08:51,20866.0,NO
8,52,1,1664.2,2025-12-08 00:08:52,19864.0,NO
8,53,1,1664.9,2025-12-08 00:08:53,18864.0,NO
8,54,1,1664.0,2025-12-08 00:08:54,17863.0,NO
8,55,1,1665.3,2025-12-08 00:08:55,16862.0,NO
8,56,1,1667.1,2025-12-08 00:08:56,15861.0,NO
8,57,1,1667.8,2025-12-08 00:08:57,14859.0,NO
8,58,1,1667.4,2025-12-08 00:08:58,13859.0,NO
8,59,1,1670.1,2025-12-08 00:08:59,12858.0,NO
9,0,1,1667.0,2025-12-08 00:09:00,81724.0,NO
9,1,1,1669.8,2025-12-08 00:09:01,80723.0,NO
9,2,1,1667.8,2025-12-08 00:09:02,42684.0,NO
9,3,1,1670.5,2025-12-08 00:09:03,41683.0,NO
9,4,1,1670.8,2025-12-08 00:09:04,40682.0,NO
9,5,1,1667.7,2025-12-08 00:09:05,39680.0,NO
9,6,1,1669.1,2025-12-08 00:09:06,38679.0,NO
9,7,1,1665.4,2025-12-08 00:09:07,37678.0,NO
9,8,1,1668.6,2025-12-08 00:09:08,36677.0,NO
9,9,1,1672.278947,2025-12-08 00:09:09,33648.342105,YES
9,10,1,1668.8,2025-12-08 00:09:10,79722.0,NO
9,11,1,1665.3,2025-12-08 00:09:11,78721.0,NO
9,12,1,1669.2,2025-12-08 00:09:12,77720.0,NO
9,13,1,1667.8,2025-12-08 00:09:13,35675.0,NO
9,14,1,1668.1,2025-12-08 00:09:14,34674.0,NO
9,15,1,1672.6,2025-12-08 00:09:15,33673.0,NO
9,16,1,1672.6,2025-12-08 00:09:16,32673.0,NO
9,17,1,1677.4,2025-12-08 00:09:17,31672.0,NO
9,18,1,1672.278947,2025-12-08 00:09:18,33648.342105,YES
9,19,1,1672.278947,2025-12-08 00:09:19,33648.342105,YES
9,20,1,1672.278947,2025-12-08 00:09:20,33648.342105,YES
9,21,1,1672.278947,2025-12-08 00:09:21,33648.342105,YES
9,22,1,1672.278947,2025-12-08 00:09:22,33648.342105,YES
9,23,1,1672.278947,2025-12-08 00:09:23,33648.342105,YES
9,24,1,1672.278947,2025-12-08 00:09:24,33648.342105,YES
9,25,1,1672.278947,2025-12-08 00:09:25,33648.342105,YES
9,26,1,1672.4,2025-12-08 00:09:26,30670.0,NO
9,27,1,1673.0,2025-12-08 00:09:27,29670.0,NO
9,28,1,1674.5,2025-12-08 00:09:28,28669.0,NO
9,29,1,1673.5,2025-12-08 00:09:29,27668.0,NO
9,30,1,1673.1,2025-12-08 00:09:30,26667.0,NO
9,31,1,1691.0,2025-12-08 00:09:31,25666.0,NO
9,32,1,1671.8,2025-12-08 00:09:32,24665.0,NO
9,33,1,1674.1,2025-12-08 00:09:33,23665.0,NO
9,34,1,1672.278947,2025-12-08 00:09:34,33648.342105,YES
9,35,1,1672.278947,2025-12-08 00:09:35,33648.342105,YES
9,36,1,1672.278947,2025-12-08 00:09:36,33648.342105,YES
9,37,1,1672.278947,2025-12-08 00:09:37,33648.342105,YES
9,38,1,1672.278947,2025-12-08 00:09:38,33648.342105,YES
9,39,1,1672.278947,2025-12-08 00:09:39,33648.342105,YES
9,40,1,1672.278947,2025-12-08 00:09:40,33648.342105,YES
9,41,1,1672.278947,2025-12-08 00:09:41,33648.342105,YES
9,42,1,1681.9,2025-12-08 00:09:42,22664.0,NO
9,43,1,1672.1,2025-12-08 00:09:43,21663.0,NO
9,44,1,1672.7,2025-12-08 00:09:44,20662.0,NO
9,45,1,1668.9,2025-12-08 00:09:45,19661.0,NO
9,46,1,1674.2,2025-12-08 00:09:46,18660.0,NO
9,47,1,1672.6,2025-12-08 00:09:47,17659.0,NO
9,48,1,1675.3,2025-12-08 00:09:48,16658.0,NO
9,49,1,1668.3,2025-12-08 00:09:49,15658.0,NO
9,50,1,1671.2,2025-12-08 00:09:50,14657.0,NO
9,51,1,1689.8,2025-12-08 00:09:51,13656.0,NO
9,52,1,1674.0,2025-12-08 00:09:52,12654.0,NO
9,53,1,1671.6,2025-12-08 00:09:53,11653.0,NO
9,54,1,1672.1,2025-12-08 00:09:54,10652.0,NO
9,55,1,1672.278947,2025-12-08 00:09:55,33648.342105,YES
9,56,1,1672.278947,2025-12-08 00:09:56,33648.342105,YES
9,57,1,1672.278947,2025-12-08 00:09:57,33648.342105,YES
9,58,1,1672.278947,2025-12-08 00:09:58,33648.342105,YES
9,59,1,1672.278947,2025-12-08 00:09:59,33648.342105,YES
10,0,1,1679.0,2025-12-08 00:10:00,40687.0,NO
10,1,1,1674.0,2025-12-08 00:10:01,39686.0,NO
10,2,1,1679.1,2025-12-08 00:10:02,38685.0,NO
10,3,1,1681.5,2025-12-08 00:10:03,79721.0,NO
10,4,1,1678.3,2025-12-08 00:10:04,78720.0,NO
10,5,1,1678.2,2025-12-08 00:10:05,77719.0,NO
10,6,1,1677.9,2025-12-08 00:10:06,76718.0,NO
10,7,1,1674.5,2025-12-08 00:10:07,75717.0,NO
10,8,1,1501.0,2025-12-08 00:10:08,74716.0,NO
10,9,1,1507.2,2025-12-08 00:10:09,73715.0,NO
10,10,1,1512.8,2025-12-08 00:10:10,72714.0,NO
10,11,1,1517.5,2025-12-08 00:10:11,37685.0,NO
10,12,1,1470.8,2025-12-08 00:10:12,36683.0,NO
10,13,1,653.1,2025-12-08 00:10:13,35683.0,NO
10,14,1,681.6,2025-12-08 00:10:14,34681.0,NO
10,15,1,687.0,2025-12-08 00:10:15,33680.0,NO
10,16,1,688.0,2025-12-08 00:10:16,32679.0,NO
10,17,1,720.3,2025-12-08 00:10:17,31677.0,NO
10,18,1,688.2,2025-12-08 00:10:18,30676.0,NO
10,19,1,698.7,2025-12-08 00:10:19,71713.0,NO
10,20,1,692.2,2025-12-08 00:10:20,70712.0,NO
10,21,1,689.8,2025-12-08 00:10:21,69711.0,NO
10,22,1,686.4,2025-12-08 00:10:22,68710.0,NO
10,23,1,686.7,2025-12-08 00:10:23,67709.0,NO
10,24,1,686.1,2025-12-08 00:10:24,66709.0,NO
10,25,1,684.0,2025-12-08 00:10:25,65708.0,NO
10,26,1,689.7,2025-12-08 00:10:26,64707.0,NO
10,27,1,686.8,2025-12-08 00:10:27,29675.0,NO
10,28,1,687.2,2025-12-08 00:10:28,28674.0,NO
10,29,1,686.0,2025-12-08 00:10:29,27673.0,NO
10,30,1,686.4,2025-12-08 00:10:30,26672.0,NO
10,31,1,692.2,2025-12-08 00:10:31,25671.0,NO
10,32,1,686.4,2025-12-08 00:10:32,24670.0,NO
10,33,1,690.0,2025-12-08 00:10:33,23669.0,NO
10,34,1,915.573913,2025-12-08 00:10:34,43317.891304,YES
10,35,1,915.573913,2025-12-08 00:10:35,43317.891304,YES
10,36,1,915.573913,2025-12-08 00:10:36,43317.891304,YES
10,37,1,915.573913,2025-12-08 00:10:37,43317.891304,YES
10,38,1,915.573913,2025-12-08 00:10:38,43317.891304,YES
10,39,1,915.573913,2025-12-08 00:10:39,43317.891304,YES
10,40,1,915.573913,2025-12-08 00:10:40,43317.891304,YES
10,41,1,915.573913,2025-12-08 00:10:41,43317.891304,YES
10,42,1,915.573913,2025-12-08 00:10:42,43317.891304,YES
10,43,1,681.2,2025-12-08 00:10:43,63706.0,NO
10,44,1,647.7,2025-12-08 00:10:44,22668.0,NO
10,45,1,541.2,2025-12-08 00:10:45,21667.0,NO
10,46,1,539.8,2025-12-08 00:10:46,20666.0,NO
10,47,1,540.2,2025-12-08 00:10:47,19665.0,NO
10,48,1,547.1,2025-12-08 00:10:48,18664.0,NO
10,49,1,537.5,2025-12-08 00:10:49,17663.0,NO
10,50,1,538.8,2025-12-08 00:10:50,16662.0,NO
10,51,1,542.9,2025-12-08 00:10:51,15661.0,NO
10,52,1,542.4,2025-12-08 00:10:52,14660.0,NO
10,53,1,539.4,2025-12-08 00:10:53,13659.0,NO
10,54,1,539.6,2025-12-08 00:10:54,12657.0,NO
10,55,1,915.573913,2025-12-08 00:10:55,43317.891304,YES
10,56,1,915.573913,2025-12-08 00:10:56,43317.891304,YES
10,57,1,915.573913,2025-12-08 00:10:57,43317.891304,YES
10,58,1,915.573913,2025-12-08 00:10:58,43317.891304,YES
10,59,1,915.573913,2025-12-08 00:10:59,43317.891304,YES
11,0,1,555.8,2025-12-08 00:11:00,15653.0,NO
11,1,1,570.6,2025-12-08 00:11:01,14653.0,NO
11,2,1,558.3,2025-12-08 00:11:02,13652.0,NO
11,3,1,558.0,2025-12-08 00:11:03,61693.0,NO
11,4,1,557.3,2025-12-08 00:11:04,60692.0,NO
11,5,1,555.6,2025-12-08 00:11:05,59691.0,NO
11,6,1,558.9,2025-12-08 00:11:06,58690.0,NO
11,7,1,570.0,2025-12-08 00:11:07,57689.0,NO
11,8,1,561.6,2025-12-08 00:11:08,56689.0,NO
11,9,1,560.9,2025-12-08 00:11:09,55688.0,NO
11,10,1,560.9,2025-12-08 00:11:10,54688.0,NO
11,11,1,561.0,2025-12-08 00:11:11,53686.0,NO
11,12,1,560.8,2025-12-08 00:11:12,52685.0,NO
11,13,1,561.9,2025-12-08 00:11:13,51684.0,NO
11,14,1,637.6,2025-12-08 00:11:14,50683.0,NO
11,15,1,680.2,2025-12-08 00:11:15,49683.0,NO
11,16,1,686.7,2025-12-08 00:11:16,48682.0,NO
11,17,1,686.1,2025-12-08 00:11:17,47681.0,NO
11,18,1,687.9,2025-12-08 00:11:18,46681.0,NO
11,19,1,691.1,2025-12-08 00:11:19,45679.0,NO
11,20,1,690.0,2025-12-08 00:11:20,44678.0,NO
11,21,1,691.3,2025-12-08 00:11:21,43677.0,NO
11,22,1,683.7,2025-12-08 00:11:22,42676.0,NO
11,23,1,684.3,2025-12-08 00:11:23,41675.0,NO
11,24,1,687.5,2025-12-08 00:11:24,40674.0,NO
11,25,1,685.2,2025-12-08 00:11:25,39673.0,NO
11,26,1,682.6,2025-12-08 00:11:26,38672.0,NO
11,27,1,687.6,2025-12-08 00:11:27,37671.0,NO
11,28,1,689.7,2025-12-08 00:11:28,36670.0,NO
11,29,1,686.2,2025-12-08 00:11:29,35669.0,NO
11,30,1,685.2,2025-12-08 00:11:30,34669.0,NO
11,31,1,684.6,2025-12-08 00:11:31,33668.0,NO
11,32,1,686.9,2025-12-08 00:11:32,32666.0,NO
11,33,1,689.6,2025-12-08 00:11:33,31665.0,NO
11,34,1,687.8,2025-12-08 00:11:34,30665.0,NO
11,35,1,697.5,2025-12-08 00:11:35,12651.0,NO
11,36,1,694.7,2025-12-08 00:11:36,11651.0,NO
11,37,1,703.8,2025-12-08 00:11:37,10650.0,NO
11,38,1,697.8,2025-12-08 00:11:38,9650.0,NO
11,39,1,696.7,2025-12-08 00:11:39,8646.0,NO
11,40,1,697.2,2025-12-08 00:11:40,7646.0,NO
11,41,1,690.8,2025-12-08 00:11:41,6645.0,NO
11,42,1,691.2,2025-12-08 00:11:42,5645.0,NO
11,43,1,692.2,2025-12-08 00:11:43,4644.0,NO
11,44,1,647.393182,2025-12-08 00:11:44,36352.681818,YES
11,45,1,647.393182,2025-12-08 00:11:45,36352.681818,YES
11,46,1,647.393182,2025-12-08 00:11:46,36352.681818,YES
11,47,1,647.393182,2025-12-08 00:11:47,36352.681818,YES
11,48,1,647.393182,2025-12-08 00:11:48,36352.681818,YES
11,49,1,647.393182,2025-12-08 00:11:49,36352.681818,YES
11,50,1,647.393182,2025-12-08 00:11:50,36352.681818,YES
11,51,1,647.393182,2025-12-08 00:11:51,36352.681818,YES
11,52,1,647.393182,2025-12-08 00:11:52,36352.681818,YES
11,53,1,647.393182,2025-12-08 00:11:53,36352.681818,YES
11,54,1,647.393182,2025-12-08 00:11:54,36352.681818,YES
11,55,1,647.393182,2025-12-08 00:11:55,36352.681818,YES
11,56,1,647.393182,2025-12-08 00:11:56,36352.681818,YES
11,57,1,647.393182,2025-12-08 00:11:57,36352.681818,YES
11,58,1,647.393182,2025-12-08 00:11:58,36352.681818,YES
11,59,1,647.393182,2025-12-08 00:11:59,36352.681818,YES
12,0,1,691.174194,2025-12-08 00:12:00,18621.451613,YES
12,1,1,691.174194,2025-12-08 00:12:01,18621.451613,YES
12,2,1,691.174194,2025-12-08 00:12:02,18621.451613,YES
12,3,1,691.174194,2025-12-08 00:12:03,18621.451613,YES
12,4,1,691.174194,2025-12-08 00:12:04,18621.451613,YES
12,5,1,691.174194,2025-12-08 00:12:05,18621.451613,YES
12,6,1,691.174194,2025-12-08 00:12:06,18621.451613,YES
12,7,1,691.174194,2025-12-08 00:12:07,18621.451613,YES
12,8,1,691.174194,2025-12-08 00:12:08,18621.451613,YES
12,9,1,687.1,2025-12-08 00:12:09,33634.0,NO
12,10,1,687.7,2025-12-08 00:12:10,32634.0,NO
12,11,1,685.2,2025-12-08 00:12:11,31633.0,NO
12,12,1,689.8,2025-12-08 00:12:12,30632.0,NO
12,13,1,688.5,2025-12-08 00:12:13,29632.0,NO
12,14,1,687.4,2025-12-08 00:12:14,28631.0,NO
12,15,1,687.7,2025-12-08 00:12:15,27630.0,NO
12,16,1,691.7,2025-12-08 00:12:16,26630.0,NO
12,17,1,691.174194,2025-12-08 00:12:17,18621.451613,YES
12,18,1,691.174194,2025-12-08 00:12:18,18621.451613,YES
12,19,1,691.174194,2025-12-08 00:12:19,18621.451613,YES
12,20,1,691.174194,2025-12-08 00:12:20,18621.451613,YES
12,21,1,691.174194,2025-12-08 00:12:21,18621.451613,YES
12,22,1,691.174194,2025-12-08 00:12:22,18621.451613,YES
12,23,1,691.174194,2025-12-08 00:12:23,18621.451613,YES
12,24,1,691.174194,2025-12-08 00:12:24,18621.451613,YES
12,25,1,691.174194,2025-12-08 00:12:25,18621.451613,YES
12,26,1,691.174194,2025-12-08 00:12:26,18621.451613,YES
12,27,1,691.174194,2025-12-08 00:12:27,18621.451613,YES
12,28,1,691.174194,2025-12-08 00:12:28,18621.451613,YES
12,29,1,691.174194,2025-12-08 00:12:29,18621.451613,YES
12,30,1,691.174194,2025-12-08 00:12:30,18621.451613,YES
12,31,1,691.174194,2025-12-08 00:12:31,18621.451613,YES
12,32,1,691.174194,2025-12-08 00:12:32,18621.451613,YES
12,33,1,689.7,2025-12-08 00:12:33,25629.0,NO
12,34,1,688.7,2025-12-08 00:12:34,24628.0,NO
12,35,1,687.4,2025-12-08 00:12:35,23628.0,NO
12,36,1,695.2,2025-12-08 00:12:36,22627.0,NO
12,37,1,685.8,2025-12-08 00:12:37,21627.0,NO
12,38,1,687.0,2025-12-08 00:12:38,20626.0,NO
12,39,1,684.5,2025-12-08 00:12:39,19623.0,NO
12,40,1,684.7,2025-12-08 00:12:40,18622.0,NO
12,41,1,684.7,2025-12-08 00:12:41,17621.0,NO
12,42,1,687.7,2025-12-08 00:12:42,16620.0,NO
12,43,1,690.4,2025-12-08 00:12:43,15619.0,NO
12,44,1,713.0,2025-12-08 00:12:44,14618.0,NO
12,45,1,694.8,2025-12-08 00:12:45,13617.0,NO
12,46,1,700.2,2025-12-08 00:12:46,12616.0,NO
12,47,1,692.9,2025-12-08 00:12:47,11616.0,NO
12,48,1,693.7,2025-12-08 00:12:48,10614.0,NO
12,49,1,693.7,2025-12-08 00:12:49,9614.0,NO
12,50,1,693.6,2025-12-08 00:12:50,8612.0,NO
12,51,1,695.6,2025-12-08 00:12:51,7608.0,NO
12,52,1,696.0,2025-12-08 00:12:52,6607.0,NO
12,53,1,693.1,2025-12-08 00:12:53,5607.0,NO
12,54,1,697.2,2025-12-08 00:12:54,4605.0,NO
12,55,1,691.7,2025-12-08 00:12:55,3605.0,NO
12,56,1,691.174194,2025-12-08 00:12:56,18621.451613,YES
12,57,1,691.174194,2025-12-08 00:12:57,18621.451613,YES
12,58,1,691.174194,2025-12-08 00:12:58,18621.451613,YES
12,59,1,691.174194,2025-12-08 00:12:59,18621.451613,YES
13,0,1,688.6,2025-12-08 00:13:00,35598.0,NO
13,1,1,684.9,2025-12-08 00:13:01,34597.0,NO
13,2,1,688.1,2025-12-08 00:13:02,33596.0,NO
13,3,1,689.1,2025-12-08 00:13:03,32595.0,NO
13,4,1,686.7,2025-12-08 00:13:04,92653.0,NO
13,5,1,689.1,2025-12-08 00:13:05,91652.0,NO
13,6,1,695.1,2025-12-08 00:13:06,90651.0,NO
13,7,1,688.8,2025-12-08 00:13:07,89650.0,NO
13,8,1,695.9,2025-12-08 00:13:08,88649.0,NO
13,9,1,686.3,2025-12-08 00:13:09,87648.0,NO
13,10,1,685.1,2025-12-08 00:13:10,86648.0,NO
13,11,1,684.5,2025-12-08 00:13:11,85647.0,NO
13,12,1,688.2,2025-12-08 00:13:12,31594.0,NO
13,13,1,687.0,2025-12-08 00:13:13,30593.0,NO
13,14,1,689.0,2025-12-08 00:13:14,29593.0,NO
13,15,1,687.3,2025-12-08 00:13:15,28592.0,NO
13,16,1,684.8,2025-12-08 00:13:16,27592.0,NO
13,17,1,687.5,2025-12-08 00:13:17,26591.0,NO
13,18,1,688.8,2025-12-08 00:13:18,25591.0,NO
13,19,1,689.4,2025-12-08 00:13:19,24590.0,NO
13,20,1,690.8,2025-12-08 00:13:20,23590.0,NO
13,21,1,687.4,2025-12-08 00:13:21,22589.0,NO
13,22,1,674.197674,2025-12-08 00:13:22,39161.860465,YES
13,23,1,674.197674,2025-12-08 00:13:23,39161.860465,YES
13,24,1,674.197674,2025-12-08 00:13:24,39161.860465,YES
13,25,1,674.197674,2025-12-08 00:13:25,39161.860465,YES
13,26,1,674.197674,2025-12-08 00:13:26,39161.860465,YES
13,27,1,674.197674,2025-12-08 00:13:27,39161.860465,YES
13,28,1,683.7,2025-12-08 00:13:28,84646.0,NO
13,29,1,684.8,2025-12-08 00:13:29,83645.0,NO
13,30,1,684.1,2025-12-08 00:13:30,82644.0,NO
13,31,1,653.7,2025-12-08 00:13:31,81644.0,NO
13,32,1,656.2,2025-12-08 00:13:32,21588.0,NO
13,33,1,656.4,2025-12-08 00:13:33,20587.0,NO
13,34,1,656.9,2025-12-08 00:13:34,19586.0,NO
13,35,1,652.9,2025-12-08 00:13:35,18585.0,NO
13,36,1,654.3,2025-12-08 00:13:36,17584.0,NO
13,37,1,654.3,2025-12-08 00:13:37,16583.0,NO
13,38,1,655.0,2025-12-08 00:13:38,15582.0,NO
13,39,1,657.5,2025-12-08 00:13:39,14582.0,NO
13,40,1,653.5,2025-12-08 00:13:40,13581.0,NO
13,41,1,674.197674,2025-12-08 00:13:41,39161.860465,YES
13,42,1,674.197674,2025-12-08 00:13:42,39161.860465,YES
13,43,1,674.197674,2025-12-08 00:13:43,39161.860465,YES
13,44,1,674.197674,2025-12-08 00:13:44,39161.860465,YES
13,45,1,674.197674,2025-12-08 00:13:45,39161.860465,YES
13,46,1,674.197674,2025-12-08 00:13:46,39161.860465,YES
13,47,1,674.197674,2025-12-08 00:13:47,39161.860465,YES
13,48,1,674.197674,2025-12-08 00:13:48,39161.860465,YES
13,49,1,654.3,2025-12-08 00:13:49,12580.0,NO
13,50,1,659.0,2025-12-08 00:13:50,11579.0,NO
13,51,1,653.3,2025-12-08 00:13:51,10579.0,NO
13,52,1,655.4,2025-12-08 00:13:52,9578.0,NO
13,53,1,654.8,2025-12-08 00:13:53,8578.0,NO
13,54,1,658.2,2025-12-08 00:13:54,7577.0,NO
13,55,1,655.4,2025-12-08 00:13:55,6577.0,NO
13,56,1,654.4,2025-12-08 00:13:56,5576.0,NO
13,57,1,674.197674,2025-12-08 00:13:57,39161.860465,YES
13,58,1,674.197674,2025-12-08 00:13:58,39161.860465,YES
13,59,1,674.197674,2025-12-08 00:13:59,39161.860465,YES
14,0,1,666.2,2025-12-08 00:14:00,41660.0,NO
14,1,1,660.5,2025-12-08 00:14:01,40659.0,NO
14,2,1,659.9,2025-12-08 00:14:02,39659.0,NO
14,3,1,659.3,2025-12-08 00:14:03,38658.0,NO
14,4,1,655.3,2025-12-08 00:14:04,37657.0,NO
14,5,1,673.0,2025-12-08 00:14:05,84693.0,NO
14,6,1,655.7,2025-12-08 00:14:06,83692.0,NO
14,7,1,657.3,2025-12-08 00:14:07,82692.0,NO
14,8,1,658.0,2025-12-08 00:14:08,81691.0,NO
14,9,1,658.9,2025-12-08 00:14:09,80690.0,NO
14,10,1,653.8,2025-12-08 00:14:10,79690.0,NO
14,11,1,652.6,2025-12-08 00:14:11,78689.0,NO
14,12,1,655.2,2025-12-08 00:14:12,77688.0,NO
14,13,1,653.4,2025-12-08 00:14:13,36657.0,NO
14,14,1,654.1,2025-12-08 00:14:14,35656.0,NO
14,15,1,651.8,2025-12-08 00:14:15,34655.0,NO
14,16,1,650.8,2025-12-08 00:14:16,33655.0,NO
14,17,1,654.9,2025-12-08 00:14:17,32654.0,NO
14,18,1,654.1,2025-12-08 00:14:18,31653.0,NO
14,19,1,660.6,2025-12-08 00:14:19,30652.0,NO
14,20,1,654.3,2025-12-08 00:14:20,29652.0,NO
14,21,1,651.1,2025-12-08 00:14:21,28651.0,NO
14,22,1,651.7,2025-12-08 00:14:22,27650.0,NO
14,23,1,651.7,2025-12-08 00:14:23,26649.0,NO
14,24,1,654.8,2025-12-08 00:14:24,25648.0,NO
14,25,1,652.7,2025-12-08 00:14:25,24647.0,NO
14,26,1,653.7,2025-12-08 00:14:26,23647.0,NO
14,27,1,653.1,2025-12-08 00:14:27,22646.0,NO
14,28,1,652.6,2025-12-08 00:14:28,21645.0,NO
14,29,1,652.4,2025-12-08 00:14:29,76687.0,NO
14,30,1,654.9,2025-12-08 00:14:30,75687.0,NO
14,31,1,652.3,2025-12-08 00:14:31,74686.0,NO
14,32,1,652.6,2025-12-08 00:14:32,73685.0,NO
14,33,1,651.8,2025-12-08 00:14:33,72684.0,NO
14,34,1,650.3,2025-12-08 00:14:34,71683.0,NO
14,35,1,653.3,2025-12-08 00:14:35,70682.0,NO
14,36,1,647.4,2025-12-08 00:14:36,69682.0,NO
14,37,1,657.1,2025-12-08 00:14:37,68681.0,NO
14,38,1,654.3,2025-12-08 00:14:38,67680.0,NO
14,39,1,655.4,2025-12-08 00:14:39,66679.0,NO
14,40,1,654.4,2025-12-08 00:14:40,65679.0,NO
14,41,1,652.2,2025-12-08 00:14:41,20644.0,NO
14,42,1,654.8,2025-12-08 00:14:42,19643.0,NO
14,43,1,653.1,2025-12-08 00:14:43,18643.0,NO
14,44,1,654.7,2025-12-08 00:14:44,17642.0,NO
14,45,1,653.1,2025-12-08 00:14:45,16641.0,NO
14,46,1,650.4,2025-12-08 00:14:46,15641.0,NO
14,47,1,652.4,2025-12-08 00:14:47,14640.0,NO
14,48,1,651.7,2025-12-08 00:14:48,13639.0,NO
14,49,1,651.3,2025-12-08 00:14:49,64678.0,NO
14,50,1,653.5,2025-12-08 00:14:50,63677.0,NO
14,51,1,657.3,2025-12-08 00:14:51,62676.0,NO
14,52,1,650.1,2025-12-08 00:14:52,61675.0,NO
14,53,1,653.6,2025-12-08 00:14:53,60674.0,NO
14,54,1,653.0,2025-12-08 00:14:54,59674.0,NO
14,55,1,649.9,2025-12-08 00:14:55,12638.0,NO
14,56,1,653.7,2025-12-08 00:14:56,11637.0,NO
14,57,1,654.422807,2025-12-08 00:14:57,47419.157895,YES
14,58,1,654.422807,2025-12-08 00:14:58,47419.157895,YES
14,59,1,654.422807,2025-12-08 00:14:59,47419.157895,YES
