"Time","Total CPU"
2026-05-14 13:00:00,0.0898
2026-05-14 13:00:15,0.0857
2026-05-14 13:00:30,1.24
2026-05-14 13:00:45,1.68
2026-05-14 13:01:00,1.70
2026-05-14 13:01:15,1.75
2026-05-14 13:01:30,0.426
2026-05-14 13:01:45,0.221
2026-05-14 13:02:00,0.238
2026-05-14 13:02:15,0.225
2026-05-14 13:02:30,0.216
2026-05-14 13:02:45,0.186
2026-05-14 13:03:00,0.195
2026-05-14 13:03:15,0.218
2026-05-14 13:03:30,0.248
2026-05-14 13:03:45,0.266
2026-05-14 13:04:00,0.290
2026-05-14 13:04:15,0.270
2026-05-14 13:04:30,0.244
2026-05-14 13:04:45,0.223
2026-05-14 13:05:00,0.206
2026-05-14 13:05:15,0.213
2026-05-14 13:05:30,0.230
2026-05-14 13:05:45,0.224
2026-05-14 13:06:00,0.233
2026-05-14 13:06:15,0.216
2026-05-14 13:06:30,0.218
2026-05-14 13:06:45,0.212
2026-05-14 13:07:00,0.206
2026-05-14 13:07:15,0.195
2026-05-14 13:07:30,0.175
2026-05-14 13:07:45,0.167
2026-05-14 13:08:00,0.181
2026-05-14 13:08:15,0.197
2026-05-14 13:08:30,0.210
2026-05-14 13:08:45,0.208
2026-05-14 13:09:00,0.216
2026-05-14 13:09:15,0.211
2026-05-14 13:09:30,0.208
2026-05-14 13:09:45,0.200
2026-05-14 13:10:00,0.205
2026-05-14 13:10:15,0.204
2026-05-14 13:10:30,0.205
2026-05-14 13:10:45,0.203
2026-05-14 13:11:00,0.204
2026-05-14 13:11:15,0.178
2026-05-14 13:11:30,0.155
2026-05-14 13:11:45,0.130
2026-05-14 13:12:00,0.145
2026-05-14 13:12:15,0.169
2026-05-14 13:12:30,0.185
2026-05-14 13:12:45,0.195
2026-05-14 13:13:00,0.197
2026-05-14 13:13:15,0.182
2026-05-14 13:13:30,0.199
2026-05-14 13:13:45,0.192
2026-05-14 13:14:00,0.195
2026-05-14 13:14:15,0.179
2026-05-14 13:14:30,0.173
2026-05-14 13:14:45,0.171
2026-05-14 13:15:00,0.172
2026-05-14 13:15:15,0.171
2026-05-14 13:15:30,0.172
2026-05-14 13:15:45,0.172
2026-05-14 13:16:00,0.143
2026-05-14 13:16:15,0.145
2026-05-14 13:16:30,0.140
2026-05-14 13:16:45,0.159
2026-05-14 13:17:00,0.183
2026-05-14 13:17:15,0.188
2026-05-14 13:17:30,0.185
2026-05-14 13:17:45,0.177
2026-05-14 13:18:00,0.172
2026-05-14 13:18:15,0.160
2026-05-14 13:18:30,0.164
2026-05-14 13:18:45,0.162
2026-05-14 13:19:00,0.161
2026-05-14 13:19:15,0.213
2026-05-14 13:19:30,0.206
2026-05-14 13:19:45,0.202
2026-05-14 13:20:00,0.187
2026-05-14 13:20:15,0.120
2026-05-14 13:20:30,0.109
2026-05-14 13:20:45,0.104
2026-05-14 13:21:00,0.107
2026-05-14 13:21:15,0.956
2026-05-14 13:21:30,1.60
2026-05-14 13:21:45,1.61
2026-05-14 13:22:00,1.60
2026-05-14 13:22:15,0.423
2026-05-14 13:22:30,0.181
2026-05-14 13:22:45,0.198
2026-05-14 13:23:00,0.203
2026-05-14 13:23:15,0.196
2026-05-14 13:23:30,0.209
2026-05-14 13:23:45,0.193
2026-05-14 13:24:00,0.194
2026-05-14 13:24:15,0.188
2026-05-14 13:24:30,0.186
2026-05-14 13:24:45,0.194
2026-05-14 13:25:00,0.192
2026-05-14 13:25:15,0.192
2026-05-14 13:25:30,0.189
2026-05-14 13:25:45,0.193
2026-05-14 13:26:00,0.190
2026-05-14 13:26:15,0.184
2026-05-14 13:26:30,0.172
2026-05-14 13:26:45,0.172
2026-05-14 13:27:00,0.173
2026-05-14 13:27:15,0.185
2026-05-14 13:27:30,0.193
2026-05-14 13:27:45,0.194
2026-05-14 13:28:00,0.194
2026-05-14 13:28:15,0.195
2026-05-14 13:28:30,0.198
2026-05-14 13:28:45,0.192
2026-05-14 13:29:00,0.175
2026-05-14 13:29:15,0.152
2026-05-14 13:29:30,0.145
2026-05-14 13:29:45,0.160
2026-05-14 13:30:00,0.176
2026-05-14 13:30:15,0.185
2026-05-14 13:30:30,0.193
2026-05-14 13:30:45,0.191
2026-05-14 13:31:00,0.191
2026-05-14 13:31:15,0.191
2026-05-14 13:31:30,0.192
2026-05-14 13:31:45,0.182
2026-05-14 13:32:00,0.159
2026-05-14 13:32:15,0.135
2026-05-14 13:32:30,0.119
2026-05-14 13:32:45,0.133
2026-05-14 13:33:00,0.154
2026-05-14 13:33:15,0.176
2026-05-14 13:33:30,0.189
2026-05-14 13:33:45,0.195
2026-05-14 13:34:00,0.197
2026-05-14 13:34:15,0.192
2026-05-14 13:34:30,0.188
2026-05-14 13:34:45,0.187
2026-05-14 13:35:00,0.182
2026-05-14 13:35:15,0.176
2026-05-14 13:35:30,0.173
2026-05-14 13:35:45,0.175
2026-05-14 13:36:00,0.172
2026-05-14 13:36:15,0.218
2026-05-14 13:36:30,0.199
2026-05-14 13:36:45,0.187
2026-05-14 13:37:00,0.174
2026-05-14 13:37:15,1.04
2026-05-14 13:37:30,1.55
2026-05-14 13:37:45,1.59
2026-05-14 13:38:00,1.57
2026-05-14 13:38:15,0.321
2026-05-14 13:38:30,0.173
2026-05-14 13:38:45,0.174
2026-05-14 13:39:00,0.184
2026-05-14 13:39:15,0.182
2026-05-14 13:39:30,0.193
2026-05-14 13:39:45,0.197
2026-05-14 13:40:00,0.194
2026-05-14 13:40:15,0.186
2026-05-14 13:40:30,0.175
2026-05-14 13:40:45,0.180
2026-05-14 13:41:00,0.180
2026-05-14 13:41:15,0.183
2026-05-14 13:41:30,0.191
2026-05-14 13:41:45,0.188
2026-05-14 13:42:00,0.196
2026-05-14 13:42:15,0.195
2026-05-14 13:42:30,0.192
2026-05-14 13:42:45,0.194
2026-05-14 13:43:00,0.193
2026-05-14 13:43:15,0.194
2026-05-14 13:43:30,0.197
2026-05-14 13:43:45,0.206
2026-05-14 13:44:00,0.208
2026-05-14 13:44:15,0.202
2026-05-14 13:44:30,0.197
2026-05-14 13:44:45,0.197
2026-05-14 13:45:00,0.208
2026-05-14 13:45:15,0.201
2026-05-14 13:45:30,0.196
2026-05-14 13:45:45,0.187
2026-05-14 13:46:00,0.195
2026-05-14 13:46:15,0.208
2026-05-14 13:46:30,0.205
2026-05-14 13:46:45,0.201
2026-05-14 13:47:00,0.200
2026-05-14 13:47:15,0.197
2026-05-14 13:47:30,0.207
2026-05-14 13:47:45,0.200
2026-05-14 13:48:00,0.175
2026-05-14 13:48:15,0.146
2026-05-14 13:48:30,0.180
2026-05-14 13:48:45,0.238
2026-05-14 13:49:00,0.308
2026-05-14 13:49:15,0.354
2026-05-14 13:49:30,0.354
2026-05-14 13:49:45,0.352
2026-05-14 13:50:00,0.351
2026-05-14 13:50:15,0.352
2026-05-14 13:50:30,0.354
2026-05-14 13:50:45,0.359
2026-05-14 13:51:00,0.361
2026-05-14 13:51:15,0.358
2026-05-14 13:51:30,0.356
2026-05-14 13:51:45,0.351
2026-05-14 13:52:00,0.346
2026-05-14 13:52:15,0.346
2026-05-14 13:52:30,0.346
2026-05-14 13:52:45,0.286
2026-05-14 13:53:00,0.294
2026-05-14 13:53:15,0.230
2026-05-14 13:53:30,0.204
2026-05-14 13:53:45,0.137
2026-05-14 13:54:00,0.133
2026-05-14 13:54:15,0.136
2026-05-14 13:54:30,0.125
2026-05-14 13:54:45,0.119
2026-05-14 13:55:00,1.51
2026-05-14 13:55:15,1.57
2026-05-14 13:55:30,1.57
2026-05-14 13:55:45,0.995
2026-05-14 13:56:00,0.152
2026-05-14 13:56:15,0.161
2026-05-14 13:56:30,0.164
2026-05-14 13:56:45,0.166
2026-05-14 13:57:00,0.175
2026-05-14 13:57:15,0.187
2026-05-14 13:57:30,0.187
2026-05-14 13:57:45,0.195
2026-05-14 13:58:00,0.190
2026-05-14 13:58:15,0.182
2026-05-14 13:58:30,0.177
2026-05-14 13:58:45,0.175
2026-05-14 13:59:00,0.181
2026-05-14 13:59:15,0.191
2026-05-14 13:59:30,0.198
2026-05-14 13:59:45,0.199
2026-05-14 14:00:00,0.196