sensor_timestamp,sensor_id,sensor_energy_value
2025-12-08 00:00:00,3,732.8
2025-12-08 00:00:01,3,758.9
2025-12-08 00:00:02,3,738.8
2025-12-08 00:00:03,3,735.0
2025-12-08 00:00:04,3,729.9
2025-12-08 00:00:05,3,730.7
2025-12-08 00:00:06,3,728.5
2025-12-08 00:00:07,3,734.5
2025-12-08 00:00:08,3,721.5
2025-12-08 00:00:09,3,752.0
2025-12-08 00:00:10,3,752.4
2025-12-08 00:00:11,3,733.0
2025-12-08 00:00:12,3,742.4
2025-12-08 00:00:13,3,742.4
2025-12-08 00:00:14,3,729.4
2025-12-08 00:00:15,3,720.8
2025-12-08 00:00:16,3,739.3
2025-12-08 00:00:17,3,715.1
2025-12-08 00:00:18,3,740.9
2025-12-08 00:00:19,3,749.5
2025-12-08 00:00:20,3,725.2
2025-12-08 00:00:21,3,712.8
2025-12-08 00:00:22,3,733.7
2025-12-08 00:00:23,3,737.8
2025-12-08 00:00:24,3,734.9
2025-12-08 00:00:25,3,697.5
2025-12-08 00:00:26,3,731.8
2025-12-08 00:00:27,3,752.0
2025-12-08 00:00:28,3,729.9
2025-12-08 00:00:29,3,719.2
2025-12-08 00:00:30,3,708.9
2025-12-08 00:00:31,3,739.6
2025-12-08 00:00:32,3,729.6
2025-12-08 00:00:33,3,852.3
2025-12-08 00:00:34,3,849.2
2025-12-08 00:00:35,3,830.6
2025-12-08 00:00:36,3,842.4
2025-12-08 00:00:37,3,724.9
2025-12-08 00:00:38,3,829.1
2025-12-08 00:00:39,3,890.7
2025-12-08 00:00:40,3,869.4
2025-12-08 00:00:41,3,838.3
2025-12-08 00:00:42,3,758.6
2025-12-08 00:00:43,3,780.2
2025-12-08 00:00:44,3,849.8
2025-12-08 00:00:45,3,835.6
2025-12-08 00:00:46,3,832.4
2025-12-08 00:00:47,3,829.0
2025-12-08 00:00:48,3,821.2
2025-12-08 00:00:49,3,846.4
2025-12-08 00:00:50,3,844.9
2025-12-08 00:00:51,3,850.7
2025-12-08 00:00:52,3,777.1
2025-12-08 00:00:53,3,773.4
2025-12-08 00:00:54,3,779.0
2025-12-08 00:00:55,3,757.6
2025-12-08 00:00:56,3,789.2
2025-12-08 00:00:57,3,771.7
2025-12-08 00:00:58,3,760.5
2025-12-08 00:00:59,3,756.6
2025-12-08 00:01:00,3,1277.1
2025-12-08 00:01:01,3,1288.3
2025-12-08 00:01:02,3,1285.6
2025-12-08 00:01:03,3,1293.3
2025-12-08 00:01:04,3,1304.5
2025-12-08 00:01:05,3,1085.9
2025-12-08 00:01:06,3,1252.3
2025-12-08 00:01:07,3,1078.1
2025-12-08 00:01:08,3,1039.3
2025-12-08 00:01:09,3,1125.1
2025-12-08 00:01:10,3,1057.5
2025-12-08 00:01:11,3,1123.1
2025-12-08 00:01:12,3,1125.9
2025-12-08 00:01:13,3,1191.8
2025-12-08 00:01:14,3,1187.2
2025-12-08 00:01:15,3,1210.3
2025-12-08 00:01:16,3,1231.5
2025-12-08 00:01:17,3,1249.0
2025-12-08 00:01:18,3,1280.0
2025-12-08 00:01:19,3,1295.1
2025-12-08 00:01:20,3,1324.6
2025-12-08 00:01:21,3,1303.0
2025-12-08 00:01:22,3,1314.5
2025-12-08 00:01:23,3,1317.8
2025-12-08 00:01:24,3,1319.5
2025-12-08 00:01:25,3,1287.3
2025-12-08 00:01:26,3,1312.8
2025-12-08 00:01:27,3,1316.1
2025-12-08 00:01:28,3,1301.7
2025-12-08 00:01:29,3,1325.0
2025-12-08 00:01:30,3,1325.5
2025-12-08 00:01:31,3,1316.1
2025-12-08 00:01:32,3,1308.1
2025-12-08 00:01:33,3,1296.4
2025-12-08 00:01:34,3,1316.9
2025-12-08 00:01:35,3,1302.8
2025-12-08 00:01:36,3,1318.8
2025-12-08 00:01:37,3,1295.8
2025-12-08 00:01:38,3,1297.2
2025-12-08 00:01:39,3,1317.3
2025-12-08 00:01:40,3,1306.7
2025-12-08 00:01:41,3,1290.3
2025-12-08 00:01:42,3,1331.7
2025-12-08 00:01:43,3,1328.6
2025-12-08 00:01:44,3,1329.1
2025-12-08 00:01:45,3,1314.8
2025-12-08 00:01:46,3,1332.3
2025-12-08 00:01:47,3,1340.2
2025-12-08 00:01:48,3,1339.2
2025-12-08 00:01:49,3,1326.3
2025-12-08 00:01:50,3,1343.7
2025-12-08 00:01:51,3,1334.8
2025-12-08 00:01:52,3,1320.7
2025-12-08 00:01:53,3,1333.0
2025-12-08 00:01:54,3,1332.2
2025-12-08 00:01:55,3,1323.4
2025-12-08 00:01:56,3,1347.8
2025-12-08 00:01:57,3,1331.4
2025-12-08 00:01:58,3,1354.8
2025-12-08 00:01:59,3,1353.9
2025-12-08 00:02:00,3,1333.2
2025-12-08 00:02:01,3,1334.5
2025-12-08 00:02:02,3,1343.1
2025-12-08 00:02:03,3,1331.1
2025-12-08 00:02:04,3,1335.4
2025-12-08 00:02:05,3,1337.7
2025-12-08 00:02:06,3,1328.9
2025-12-08 00:02:07,3,1333.0
2025-12-08 00:02:08,3,1320.5
2025-12-08 00:02:09,3,1314.3
2025-12-08 00:02:10,3,1354.9
2025-12-08 00:02:11,3,1329.3
2025-12-08 00:02:12,3,1340.8
2025-12-08 00:02:13,3,1322.0
2025-12-08 00:02:14,3,1350.0
2025-12-08 00:02:15,3,1358.8
2025-12-08 00:02:16,3,1343.2
2025-12-08 00:02:17,3,1335.0
2025-12-08 00:02:18,3,1347.6
2025-12-08 00:02:19,3,1332.8
2025-12-08 00:02:20,3,1325.8
2025-12-08 00:02:21,3,1358.5
2025-12-08 00:02:22,3,1348.1
2025-12-08 00:02:23,3,1342.6
2025-12-08 00:02:24,3,1341.2
2025-12-08 00:02:25,3,1332.1
2025-12-08 00:02:26,3,1326.1
2025-12-08 00:02:27,3,1332.8
2025-12-08 00:02:28,3,1338.5
2025-12-08 00:02:29,3,1347.5
2025-12-08 00:02:30,3,1335.8
2025-12-08 00:02:31,3,1320.1
2025-12-08 00:02:32,3,1320.5
2025-12-08 00:02:33,3,1326.1
2025-12-08 00:02:34,3,1324.2
2025-12-08 00:02:35,3,1344.2
2025-12-08 00:02:36,3,1349.5
2025-12-08 00:02:37,3,1345.9
2025-12-08 00:02:38,3,1328.8
2025-12-08 00:02:39,3,1323.6
2025-12-08 00:02:40,3,1346.0
2025-12-08 00:02:41,3,1311.0
2025-12-08 00:02:42,3,1328.2
2025-12-08 00:02:43,3,1300.0
2025-12-08 00:02:44,3,1329.5
2025-12-08 00:02:45,3,1325.4
2025-12-08 00:02:46,3,1347.3
2025-12-08 00:02:47,3,1324.2
2025-12-08 00:02:48,3,1332.1
2025-12-08 00:02:49,3,1332.0
2025-12-08 00:02:50,3,1327.2
2025-12-08 00:02:51,3,1332.4
2025-12-08 00:02:52,3,1314.3
2025-12-08 00:02:53,3,1324.9
2025-12-08 00:02:54,3,1334.8
2025-12-08 00:02:55,3,1333.9
2025-12-08 00:02:56,3,1342.3
2025-12-08 00:02:57,3,1346.8
2025-12-08 00:02:58,3,1334.5
2025-12-08 00:02:59,3,1338.4
2025-12-08 00:03:00,3,1429.6
2025-12-08 00:03:01,3,1443.4
2025-12-08 00:03:02,3,1423.7
2025-12-08 00:03:03,3,1443.7
2025-12-08 00:03:04,3,1429.4
2025-12-08 00:03:05,3,1438.0
2025-12-08 00:03:06,3,1451.8
2025-12-08 00:03:07,3,1423.5
2025-12-08 00:03:08,3,1442.7
2025-12-08 00:03:09,3,1434.7
2025-12-08 00:03:10,3,1430.3
2025-12-08 00:03:11,3,1436.4
2025-12-08 00:03:12,3,1458.8
2025-12-08 00:03:13,3,1452.5
2025-12-08 00:03:14,3,1431.6
2025-12-08 00:03:15,3,1427.9
2025-12-08 00:03:16,3,1440.3
2025-12-08 00:03:17,3,1416.9
2025-12-08 00:03:18,3,1433.0
2025-12-08 00:03:19,3,1338.5
2025-12-08 00:03:20,3,1345.7
2025-12-08 00:03:21,3,1332.1
2025-12-08 00:03:22,3,1331.7
2025-12-08 00:03:23,3,1441.7
2025-12-08 00:03:24,3,1416.2
2025-12-08 00:03:25,3,1435.3
2025-12-08 00:03:26,3,1443.7
2025-12-08 00:03:27,3,1435.6
2025-12-08 00:03:28,3,1463.0
2025-12-08 00:03:29,3,1461.3
2025-12-08 00:03:30,3,1422.7
2025-12-08 00:03:31,3,1443.8
2025-12-08 00:03:32,3,1442.5
2025-12-08 00:03:33,3,1439.3
2025-12-08 00:03:34,3,1436.9
2025-12-08 00:03:35,3,1474.0
2025-12-08 00:03:36,3,1433.3
2025-12-08 00:03:37,3,1436.5
2025-12-08 00:03:38,3,1458.5
2025-12-08 00:03:39,3,1454.6
2025-12-08 00:03:40,3,1435.0
2025-12-08 00:03:41,3,1433.1
2025-12-08 00:03:42,3,1434.0
2025-12-08 00:03:43,3,1442.1
2025-12-08 00:03:44,3,1442.0
2025-12-08 00:03:45,3,1454.0
2025-12-08 00:03:46,3,1439.8
2025-12-08 00:03:47,3,1445.8
2025-12-08 00:03:48,3,1459.5
2025-12-08 00:03:49,3,1431.0
2025-12-08 00:03:50,3,1435.0
2025-12-08 00:03:51,3,1437.2
2025-12-08 00:03:52,3,1456.0
2025-12-08 00:03:53,3,1429.2
2025-12-08 00:03:54,3,1419.8
2025-12-08 00:03:55,3,1423.2
2025-12-08 00:03:56,3,1476.1
2025-12-08 00:03:57,3,1505.0
2025-12-08 00:03:58,3,1502.6
2025-12-08 00:03:59,3,1521.9
2025-12-08 00:04:00,3,1545.9
2025-12-08 00:04:01,3,1555.1
2025-12-08 00:04:02,3,1554.6
2025-12-08 00:04:03,3,1556.3
2025-12-08 00:04:04,3,1547.6
2025-12-08 00:04:05,3,1542.1
2025-12-08 00:04:06,3,1576.3
2025-12-08 00:04:07,3,1550.0
2025-12-08 00:04:08,3,1550.8
2025-12-08 00:04:09,3,1556.9
2025-12-08 00:04:10,3,1562.5
2025-12-08 00:04:11,3,1533.3
2025-12-08 00:04:12,3,1539.2
2025-12-08 00:04:13,3,1519.8
2025-12-08 00:04:14,3,1514.9
2025-12-08 00:04:15,3,1509.9
2025-12-08 00:04:16,3,1537.6
2025-12-08 00:04:17,3,1557.2
2025-12-08 00:04:18,3,1561.5
2025-12-08 00:04:19,3,1537.7
2025-12-08 00:04:20,3,1558.0
2025-12-08 00:04:21,3,1551.4
2025-12-08 00:04:22,3,1556.5
2025-12-08 00:04:23,3,1555.0
2025-12-08 00:04:24,3,1517.2
2025-12-08 00:04:25,3,1515.8
2025-12-08 00:04:26,3,1518.4
2025-12-08 00:04:27,3,1520.5
2025-12-08 00:04:28,3,1532.2
2025-12-08 00:04:29,3,1530.2
2025-12-08 00:04:30,3,1505.9
2025-12-08 00:04:31,3,1500.1
2025-12-08 00:04:32,3,1554.9
2025-12-08 00:04:33,3,1552.3
2025-12-08 00:04:34,3,1551.7
2025-12-08 00:04:35,3,1551.4
2025-12-08 00:04:36,3,1552.7
2025-12-08 00:04:37,3,1563.8
2025-12-08 00:04:38,3,1530.3
2025-12-08 00:04:39,3,1565.4
2025-12-08 00:04:40,3,1563.7
2025-12-08 00:04:41,3,1546.5
2025-12-08 00:04:42,3,1544.1
2025-12-08 00:04:43,3,1545.1
2025-12-08 00:04:44,3,1549.5
2025-12-08 00:04:45,3,1548.9
2025-12-08 00:04:46,3,1559.7
2025-12-08 00:04:47,3,1570.9
2025-12-08 00:04:48,3,1589.7
2025-12-08 00:04:49,3,1602.0
2025-12-08 00:04:50,3,1613.6
2025-12-08 00:04:51,3,1591.9
2025-12-08 00:04:52,3,1610.3
2025-12-08 00:04:53,3,1607.5
2025-12-08 00:04:54,3,1598.7
2025-12-08 00:04:55,3,1583.6
2025-12-08 00:04:56,3,1598.9
2025-12-08 00:04:57,3,1549.7
2025-12-08 00:04:58,3,1546.2
2025-12-08 00:04:59,3,1556.2
2025-12-08 00:05:00,3,733.0
2025-12-08 00:05:01,3,753.9
2025-12-08 00:05:02,3,719.5
2025-12-08 00:05:03,3,715.1
2025-12-08 00:05:04,3,732.7
2025-12-08 00:05:05,3,725.7
2025-12-08 00:05:06,3,746.4
2025-12-08 00:05:07,3,728.7
2025-12-08 00:05:08,3,726.2
2025-12-08 00:05:09,3,751.5
2025-12-08 00:05:10,3,729.6
2025-12-08 00:05:11,3,722.8
2025-12-08 00:05:12,3,728.7
2025-12-08 00:05:13,3,732.4
2025-12-08 00:05:14,3,734.7
2025-12-08 00:05:15,3,749.6
2025-12-08 00:05:16,3,718.1
2025-12-08 00:05:17,3,740.8
2025-12-08 00:05:18,3,723.3
2025-12-08 00:05:19,3,746.9
2025-12-08 00:05:20,3,725.7
2025-12-08 00:05:21,3,739.8
2025-12-08 00:05:22,3,723.3
2025-12-08 00:05:23,3,733.5
2025-12-08 00:05:24,3,743.9
2025-12-08 00:05:25,3,739.6
2025-12-08 00:05:26,3,721.5
2025-12-08 00:05:27,3,764.9
2025-12-08 00:05:28,3,751.7
2025-12-08 00:05:29,3,717.9
2025-12-08 00:05:30,3,732.5
2025-12-08 00:05:31,3,713.8
2025-12-08 00:05:32,3,728.0
2025-12-08 00:05:33,3,868.2
2025-12-08 00:05:34,3,831.3
2025-12-08 00:05:35,3,832.1
2025-12-08 00:05:36,3,824.8
2025-12-08 00:05:37,3,757.7
2025-12-08 00:05:38,3,832.6
2025-12-08 00:05:39,3,873.5
2025-12-08 00:05:40,3,841.8
2025-12-08 00:05:41,3,862.4
2025-12-08 00:05:42,3,771.9
2025-12-08 00:05:43,3,744.2
2025-12-08 00:05:44,3,819.5
2025-12-08 00:05:45,3,835.6
2025-12-08 00:05:46,3,831.7
2025-12-08 00:05:47,3,832.3
2025-12-08 00:05:48,3,848.7
2025-12-08 00:05:49,3,825.9
2025-12-08 00:05:50,3,844.1
2025-12-08 00:05:51,3,854.0
2025-12-08 00:05:52,3,771.9
2025-12-08 00:05:53,3,762.8
2025-12-08 00:05:54,3,775.7
2025-12-08 00:05:55,3,781.3
2025-12-08 00:05:56,3,779.9
2025-12-08 00:05:57,3,782.0
2025-12-08 00:05:58,3,758.1
2025-12-08 00:05:59,3,759.9
2025-12-08 00:06:00,3,1250.9
2025-12-08 00:06:01,3,1288.0
2025-12-08 00:06:02,3,1274.5
2025-12-08 00:06:03,3,1292.7
2025-12-08 00:06:04,3,1254.0
2025-12-08 00:06:05,3,1089.2
2025-12-08 00:06:06,3,1239.3
2025-12-08 00:06:07,3,1069.5
2025-12-08 00:06:08,3,1035.6
2025-12-08 00:06:09,3,1134.6
2025-12-08 00:06:10,3,1059.3
2025-12-08 00:06:11,3,1095.8
2025-12-08 00:06:12,3,1146.2
2025-12-08 00:06:13,3,1160.7
2025-12-08 00:06:14,3,1181.4
2025-12-08 00:06:15,3,1205.4
2025-12-08 00:06:16,3,1253.4
2025-12-08 00:06:17,3,1247.2
2025-12-08 00:06:18,3,1272.4
2025-12-08 00:06:19,3,1283.5
2025-12-08 00:06:20,3,1319.8
2025-12-08 00:06:21,3,1298.5
2025-12-08 00:06:22,3,1278.3
2025-12-08 00:06:23,3,1320.3
2025-12-08 00:06:24,3,1335.9
2025-12-08 00:06:25,3,1290.4
2025-12-08 00:06:26,3,1332.8
2025-12-08 00:06:27,3,1305.4
2025-12-08 00:06:28,3,1303.7
2025-12-08 00:06:29,3,1321.3
2025-12-08 00:06:30,3,1313.4
2025-12-08 00:06:31,3,1307.3
2025-12-08 00:06:32,3,1327.2
2025-12-08 00:06:33,3,1301.7
2025-12-08 00:06:34,3,1316.2
2025-12-08 00:06:35,3,1326.1
2025-12-08 00:06:36,3,1300.2
2025-12-08 00:06:37,3,1317.6
2025-12-08 00:06:38,3,1322.0
2025-12-08 00:06:39,3,1302.0
2025-12-08 00:06:40,3,1317.2
2025-12-08 00:06:41,3,1304.8
2025-12-08 00:06:42,3,1306.1
2025-12-08 00:06:43,3,1322.1
2025-12-08 00:06:44,3,1327.6
2025-12-08 00:06:45,3,1326.4
2025-12-08 00:06:46,3,1328.2
2025-12-08 00:06:47,3,1313.4
2025-12-08 00:06:48,3,1318.4
2025-12-08 00:06:49,3,1352.2
2025-12-08 00:06:50,3,1340.1
2025-12-08 00:06:51,3,1333.0
2025-12-08 00:06:52,3,1330.7
2025-12-08 00:06:53,3,1349.2
2025-12-08 00:06:54,3,1344.5
2025-12-08 00:06:55,3,1343.3
2025-12-08 00:06:56,3,1350.1
2025-12-08 00:06:57,3,1354.5
2025-12-08 00:06:58,3,1335.9
2025-12-08 00:06:59,3,1362.3
2025-12-08 00:07:00,3,1343.6
2025-12-08 00:07:01,3,1324.7
2025-12-08 00:07:02,3,1331.9
2025-12-08 00:07:03,3,1328.6
2025-12-08 00:07:04,3,1330.7
2025-12-08 00:07:05,3,1325.2
2025-12-08 00:07:06,3,1340.6
2025-12-08 00:07:07,3,1339.8
2025-12-08 00:07:08,3,1342.6
2025-12-08 00:07:09,3,1333.9
2025-12-08 00:07:10,3,1340.4
2025-12-08 00:07:11,3,1340.9
2025-12-08 00:07:12,3,1335.7
2025-12-08 00:07:13,3,1317.3
2025-12-08 00:07:14,3,1329.9
2025-12-08 00:07:15,3,1346.2
2025-12-08 00:07:16,3,1319.0
2025-12-08 00:07:17,3,1320.8
2025-12-08 00:07:18,3,1342.0
2025-12-08 00:07:19,3,1344.7
2025-12-08 00:07:20,3,1331.9
2025-12-08 00:07:21,3,1347.2
2025-12-08 00:07:22,3,1346.4
2025-12-08 00:07:23,3,1327.1
2025-12-08 00:07:24,3,1332.0
2025-12-08 00:07:25,3,1338.6
2025-12-08 00:07:26,3,1339.9
2025-12-08 00:07:27,3,1342.6
2025-12-08 00:07:28,3,1336.2
2025-12-08 00:07:29,3,1338.2
2025-12-08 00:07:30,3,1343.8
2025-12-08 00:07:31,3,1349.1
2025-12-08 00:07:32,3,1323.5
2025-12-08 00:07:33,3,1336.0
2025-12-08 00:07:34,3,1322.6
2025-12-08 00:07:35,3,1332.5
2025-12-08 00:07:36,3,1349.8
2025-12-08 00:07:37,3,1336.4
2025-12-08 00:07:38,3,1337.6
2025-12-08 00:07:39,3,1327.7
2025-12-08 00:07:40,3,1341.2
2025-12-08 00:07:41,3,1328.6
2025-12-08 00:07:42,3,1350.7
2025-12-08 00:07:43,3,1308.0
2025-12-08 00:07:44,3,1342.1
2025-12-08 00:07:45,3,1354.7
2025-12-08 00:07:46,3,1320.9
2025-12-08 00:07:47,3,1319.0
2025-12-08 00:07:48,3,1356.6
2025-12-08 00:07:49,3,1342.6
2025-12-08 00:07:50,3,1335.9
2025-12-08 00:07:51,3,1314.8
2025-12-08 00:07:52,3,1334.4
2025-12-08 00:07:53,3,1346.0
2025-12-08 00:07:54,3,1330.4
2025-12-08 00:07:55,3,1324.1
2025-12-08 00:07:56,3,1312.5
2025-12-08 00:07:57,3,1331.3
2025-12-08 00:07:58,3,1306.9
2025-12-08 00:07:59,3,1366.2
2025-12-08 00:08:00,3,1452.0
2025-12-08 00:08:01,3,1426.8
2025-12-08 00:08:02,3,1439.4
2025-12-08 00:08:03,3,1436.5
2025-12-08 00:08:04,3,1421.0
2025-12-08 00:08:05,3,1421.5
2025-12-08 00:08:06,3,1430.0
2025-12-08 00:08:07,3,1450.8
2025-12-08 00:08:08,3,1453.3
2025-12-08 00:08:09,3,1448.8
2025-12-08 00:08:10,3,1443.8
2025-12-08 00:08:11,3,1468.7
2025-12-08 00:08:12,3,1435.4
2025-12-08 00:08:13,3,1435.9
2025-12-08 00:08:14,3,1432.6
2025-12-08 00:08:15,3,1436.9
2025-12-08 00:08:16,3,1430.7
2025-12-08 00:08:17,3,1452.7
2025-12-08 00:08:18,3,1456.0
2025-12-08 00:08:19,3,1347.8
2025-12-08 00:08:20,3,1328.9
2025-12-08 00:08:21,3,1324.4
2025-12-08 00:08:22,3,1335.7
2025-12-08 00:08:23,3,1442.9
2025-12-08 00:08:24,3,1422.1
2025-12-08 00:08:25,3,1434.8
2025-12-08 00:08:26,3,1453.3
2025-12-08 00:08:27,3,1432.6
2025-12-08 00:08:28,3,1437.9
2025-12-08 00:08:29,3,1425.9
2025-12-08 00:08:30,3,1439.8
2025-12-08 00:08:31,3,1459.6
2025-12-08 00:08:32,3,1459.1
2025-12-08 00:08:33,3,1444.2
2025-12-08 00:08:34,3,1469.1
2025-12-08 00:08:35,3,1465.7
2025-12-08 00:08:36,3,1442.9
2025-12-08 00:08:37,3,1428.1
2025-12-08 00:08:38,3,1435.5
2025-12-08 00:08:39,3,1443.6
2025-12-08 00:08:40,3,1443.9
2025-12-08 00:08:41,3,1431.1
2025-12-08 00:08:42,3,1455.1
2025-12-08 00:08:43,3,1429.8
2025-12-08 00:08:44,3,1436.9
2025-12-08 00:08:45,3,1449.4
2025-12-08 00:08:46,3,1470.6
2025-12-08 00:08:47,3,1416.2
2025-12-08 00:08:48,3,1430.0
2025-12-08 00:08:49,3,1436.9
2025-12-08 00:08:50,3,1437.3
2025-12-08 00:08:51,3,1429.7
2025-12-08 00:08:52,3,1442.1
2025-12-08 00:08:53,3,1434.8
2025-12-08 00:08:54,3,1418.6
2025-12-08 00:08:55,3,1459.4
2025-12-08 00:08:56,3,1495.9
2025-12-08 00:08:57,3,1524.5
2025-12-08 00:08:58,3,1496.9
2025-12-08 00:08:59,3,1498.4
2025-12-08 00:09:00,3,1568.5
2025-12-08 00:09:01,3,1558.8
2025-12-08 00:09:02,3,1554.0
2025-12-08 00:09:03,3,1551.1
2025-12-08 00:09:04,3,1554.0
2025-12-08 00:09:05,3,1572.4
2025-12-08 00:09:06,3,1556.1
2025-12-08 00:09:07,3,1537.8
2025-12-08 00:09:08,3,1565.2
2025-12-08 00:09:09,3,1546.5
2025-12-08 00:09:10,3,1554.6
2025-12-08 00:09:11,3,1571.4
2025-12-08 00:09:12,3,1549.8
2025-12-08 00:09:13,3,1513.7
2025-12-08 00:09:14,3,1502.8
2025-12-08 00:09:15,3,1520.8
2025-12-08 00:09:16,3,1557.8
2025-12-08 00:09:17,3,1570.3
2025-12-08 00:09:18,3,1551.4
2025-12-08 00:09:19,3,1552.1
2025-12-08 00:09:20,3,1557.9
2025-12-08 00:09:21,3,1549.8
2025-12-08 00:09:22,3,1550.9
2025-12-08 00:09:23,3,1564.9
2025-12-08 00:09:24,3,1493.1
2025-12-08 00:09:25,3,1538.9
2025-12-08 00:09:26,3,1521.9
2025-12-08 00:09:27,3,1497.0
2025-12-08 00:09:28,3,1514.6
2025-12-08 00:09:29,3,1528.8
2025-12-08 00:09:30,3,1511.6
2025-12-08 00:09:31,3,1513.1
2025-12-08 00:09:32,3,1562.9
2025-12-08 00:09:33,3,1555.0
2025-12-08 00:09:34,3,1551.3
2025-12-08 00:09:35,3,1559.6
2025-12-08 00:09:36,3,1559.4
2025-12-08 00:09:37,3,1553.8
2025-12-08 00:09:38,3,1561.7
2025-12-08 00:09:39,3,1550.5
2025-12-08 00:09:40,3,1548.8
2025-12-08 00:09:41,3,1541.2
2025-12-08 00:09:42,3,1546.4
2025-12-08 00:09:43,3,1561.8
2025-12-08 00:09:44,3,1540.8
2025-12-08 00:09:45,3,1554.4
2025-12-08 00:09:46,3,1556.1
2025-12-08 00:09:47,3,1549.8
2025-12-08 00:09:48,3,1610.7
2025-12-08 00:09:49,3,1583.6
2025-12-08 00:09:50,3,1615.8
2025-12-08 00:09:51,3,1589.3
2025-12-08 00:09:52,3,1607.4
2025-12-08 00:09:53,3,1593.2
2025-12-08 00:09:54,3,1583.9
2025-12-08 00:09:55,3,1604.3
2025-12-08 00:09:56,3,1593.1
2025-12-08 00:09:57,3,1550.7
2025-12-08 00:09:58,3,1547.6
2025-12-08 00:09:59,3,1557.7
2025-12-08 00:10:00,3,731.7
2025-12-08 00:10:01,3,765.4
2025-12-08 00:10:02,3,708.5
2025-12-08 00:10:03,3,710.0
2025-12-08 00:10:04,3,725.1
2025-12-08 00:10:05,3,728.2
2025-12-08 00:10:06,3,729.4
2025-12-08 00:10:07,3,739.4
2025-12-08 00:10:08,3,743.6
2025-12-08 00:10:09,3,746.8
2025-12-08 00:10:10,3,761.0
2025-12-08 00:10:11,3,727.0
2025-12-08 00:10:12,3,749.7
2025-12-08 00:10:13,3,729.5
2025-12-08 00:10:14,3,737.4
2025-12-08 00:10:15,3,725.9
2025-12-08 00:10:16,3,729.7
2025-12-08 00:10:17,3,736.6
2025-12-08 00:10:18,3,712.1
2025-12-08 00:10:19,3,756.2
2025-12-08 00:10:20,3,735.4
2025-12-08 00:10:21,3,731.5
2025-12-08 00:10:22,3,743.9
2025-12-08 00:10:23,3,744.0
2025-12-08 00:10:24,3,743.8
2025-12-08 00:10:25,3,711.1
2025-12-08 00:10:26,3,723.8
2025-12-08 00:10:27,3,761.9
2025-12-08 00:10:28,3,747.7
2025-12-08 00:10:29,3,703.5
2025-12-08 00:10:30,3,713.3
2025-12-08 00:10:31,3,732.8
2025-12-08 00:10:32,3,739.7
2025-12-08 00:10:33,3,843.8
2025-12-08 00:10:34,3,841.6
2025-12-08 00:10:35,3,847.2
2025-12-08 00:10:36,3,832.7
2025-12-08 00:10:37,3,745.9
2025-12-08 00:10:38,3,839.0
2025-12-08 00:10:39,3,890.4
2025-12-08 00:10:40,3,842.5
2025-12-08 00:10:41,3,857.5
2025-12-08 00:10:42,3,770.8
2025-12-08 00:10:43,3,752.0
2025-12-08 00:10:44,3,831.2
2025-12-08 00:10:45,3,840.2
2025-12-08 00:10:46,3,839.6
2025-12-08 00:10:47,3,830.1
2025-12-08 00:10:48,3,843.7
2025-12-08 00:10:49,3,832.2
2025-12-08 00:10:50,3,839.2
2025-12-08 00:10:51,3,840.4
2025-12-08 00:10:52,3,775.7
2025-12-08 00:10:53,3,761.2
2025-12-08 00:10:54,3,794.1
2025-12-08 00:10:55,3,772.1
2025-12-08 00:10:56,3,758.4
2025-12-08 00:10:57,3,763.5
2025-12-08 00:10:58,3,780.5
2025-12-08 00:10:59,3,783.1
2025-12-08 00:11:00,3,1273.2
2025-12-08 00:11:01,3,1279.5
2025-12-08 00:11:02,3,1283.0
2025-12-08 00:11:03,3,1293.9
2025-12-08 00:11:04,3,1267.4
2025-12-08 00:11:05,3,1074.4
2025-12-08 00:11:06,3,1248.1
2025-12-08 00:11:07,3,1059.3
2025-12-08 00:11:08,3,1058.8
2025-12-08 00:11:09,3,1136.5
2025-12-08 00:11:10,3,1062.8
2025-12-08 00:11:11,3,1109.0
2025-12-08 00:11:12,3,1140.4
2025-12-08 00:11:13,3,1178.0
2025-12-08 00:11:14,3,1208.0
2025-12-08 00:11:15,3,1232.6
2025-12-08 00:11:16,3,1232.4
2025-12-08 00:11:17,3,1245.8
2025-12-08 00:11:18,3,1288.5
2025-12-08 00:11:19,3,1320.4
2025-12-08 00:11:20,3,1306.9
2025-12-08 00:11:21,3,1300.3
2025-12-08 00:11:22,3,1290.2
2025-12-08 00:11:23,3,1310.0
2025-12-08 00:11:24,3,1316.6
2025-12-08 00:11:25,3,1312.8
2025-12-08 00:11:26,3,1314.2
2025-12-08 00:11:27,3,1317.4
2025-12-08 00:11:28,3,1333.0
2025-12-08 00:11:29,3,1312.0
2025-12-08 00:11:30,3,1314.0
2025-12-08 00:11:31,3,1309.4
2025-12-08 00:11:32,3,1310.8
2025-12-08 00:11:33,3,1321.4
2025-12-08 00:11:34,3,1310.3
2025-12-08 00:11:35,3,1340.7
2025-12-08 00:11:36,3,1329.0
2025-12-08 00:11:37,3,1296.7
2025-12-08 00:11:38,3,1313.9
2025-12-08 00:11:39,3,1320.1
2025-12-08 00:11:40,3,1309.7
2025-12-08 00:11:41,3,1318.7
2025-12-08 00:11:42,3,1310.8
2025-12-08 00:11:43,3,1330.2
2025-12-08 00:11:44,3,1325.0
2025-12-08 00:11:45,3,1337.9
2025-12-08 00:11:46,3,1329.7
2025-12-08 00:11:47,3,1344.8
2025-12-08 00:11:48,3,1328.6
2025-12-08 00:11:49,3,1329.1
2025-12-08 00:11:50,3,1331.6
2025-12-08 00:11:51,3,1348.1
2025-12-08 00:11:52,3,1346.1
2025-12-08 00:11:53,3,1336.2
2025-12-08 00:11:54,3,1343.5
2025-12-08 00:11:55,3,1346.1
2025-12-08 00:11:56,3,1341.2
2025-12-08 00:11:57,3,1341.8
2025-12-08 00:11:58,3,1343.7
2025-12-08 00:11:59,3,1369.6
2025-12-08 00:12:00,3,1332.7
2025-12-08 00:12:01,3,1354.2
2025-12-08 00:12:02,3,1333.5
2025-12-08 00:12:03,3,1337.3
2025-12-08 00:12:04,3,1345.2
2025-12-08 00:12:05,3,1328.5
2025-12-08 00:12:06,3,1330.4
2025-12-08 00:12:07,3,1323.2
2025-12-08 00:12:08,3,1347.1
2025-12-08 00:12:09,3,1345.2
2025-12-08 00:12:10,3,1340.8
2025-12-08 00:12:11,3,1324.4
2025-12-08 00:12:12,3,1331.8
2025-12-08 00:12:13,3,1321.5
2025-12-08 00:12:14,3,1330.1
2025-12-08 00:12:15,3,1340.8
2025-12-08 00:12:16,3,1326.7
2025-12-08 00:12:17,3,1334.6
2025-12-08 00:12:18,3,1347.4
2025-12-08 00:12:19,3,1338.9
2025-12-08 00:12:20,3,1352.8
2025-12-08 00:12:21,3,1335.1
2025-12-08 00:12:22,3,1357.5
2025-12-08 00:12:23,3,1358.8
2025-12-08 00:12:24,3,1348.5
2025-12-08 00:12:25,3,1312.1
2025-12-08 00:12:26,3,1324.6
2025-12-08 00:12:27,3,1339.9
2025-12-08 00:12:28,3,1329.8
2025-12-08 00:12:29,3,1324.5
2025-12-08 00:12:30,3,1331.9
2025-12-08 00:12:31,3,1352.0
2025-12-08 00:12:32,3,1334.9
2025-12-08 00:12:33,3,1340.3
2025-12-08 00:12:34,3,1353.3
2025-12-08 00:12:35,3,1348.2
2025-12-08 00:12:36,3,1346.6
2025-12-08 00:12:37,3,1355.7
2025-12-08 00:12:38,3,1346.5
2025-12-08 00:12:39,3,1325.4
2025-12-08 00:12:40,3,1357.2
2025-12-08 00:12:41,3,1346.1
2025-12-08 00:12:42,3,1341.3
2025-12-08 00:12:43,3,1342.1
2025-12-08 00:12:44,3,1352.5
2025-12-08 00:12:45,3,1327.0
2025-12-08 00:12:46,3,1341.5
2025-12-08 00:12:47,3,1340.1
2025-12-08 00:12:48,3,1349.5
2025-12-08 00:12:49,3,1333.4
2025-12-08 00:12:50,3,1340.9
2025-12-08 00:12:51,3,1313.5
2025-12-08 00:12:52,3,1329.8
2025-12-08 00:12:53,3,1331.9
2025-12-08 00:12:54,3,1333.1
2025-12-08 00:12:55,3,1321.3
2025-12-08 00:12:56,3,1335.8
2025-12-08 00:12:57,3,1325.6
2025-12-08 00:12:58,3,1327.2
2025-12-08 00:12:59,3,1356.1
2025-12-08 00:13:00,3,1428.4
2025-12-08 00:13:01,3,1429.7
2025-12-08 00:13:02,3,1435.7
2025-12-08 00:13:03,3,1417.3
2025-12-08 00:13:04,3,1406.3
2025-12-08 00:13:05,3,1441.9
2025-12-08 00:13:06,3,1422.7
2025-12-08 00:13:07,3,1445.4
2025-12-08 00:13:08,3,1424.0
2025-12-08 00:13:09,3,1431.2
2025-12-08 00:13:10,3,1437.6
2025-12-08 00:13:11,3,1423.4
2025-12-08 00:13:12,3,1439.0
2025-12-08 00:13:13,3,1439.9
2025-12-08 00:13:14,3,1437.6
2025-12-08 00:13:15,3,1443.9
2025-12-08 00:13:16,3,1431.8
2025-12-08 00:13:17,3,1435.8
2025-12-08 00:13:18,3,1457.9
2025-12-08 00:13:19,3,1338.6
2025-12-08 00:13:20,3,1339.6
2025-12-08 00:13:21,3,1331.8
2025-12-08 00:13:22,3,1341.8
2025-12-08 00:13:23,3,1436.9
2025-12-08 00:13:24,3,1438.2
2025-12-08 00:13:25,3,1420.3
2025-12-08 00:13:26,3,1456.5
2025-12-08 00:13:27,3,1424.4
2025-12-08 00:13:28,3,1441.2
2025-12-08 00:13:29,3,1458.9
2025-12-08 00:13:30,3,1443.4
2025-12-08 00:13:31,3,1440.4
2025-12-08 00:13:32,3,1437.2
2025-12-08 00:13:33,3,1455.8
2025-12-08 00:13:34,3,1450.5
2025-12-08 00:13:35,3,1465.8
2025-12-08 00:13:36,3,1443.8
2025-12-08 00:13:37,3,1430.9
2025-12-08 00:13:38,3,1441.1
2025-12-08 00:13:39,3,1453.4
2025-12-08 00:13:40,3,1461.7
2025-12-08 00:13:41,3,1461.3
2025-12-08 00:13:42,3,1450.0
2025-12-08 00:13:43,3,1420.5
2025-12-08 00:13:44,3,1422.7
2025-12-08 00:13:45,3,1438.6
2025-12-08 00:13:46,3,1436.9
2025-12-08 00:13:47,3,1432.2
2025-12-08 00:13:48,3,1427.7
2025-12-08 00:13:49,3,1437.1
2025-12-08 00:13:50,3,1438.6
2025-12-08 00:13:51,3,1451.2
2025-12-08 00:13:52,3,1436.2
2025-12-08 00:13:53,3,1436.6
2025-12-08 00:13:54,3,1439.7
2025-12-08 00:13:55,3,1441.1
2025-12-08 00:13:56,3,1470.7
2025-12-08 00:13:57,3,1519.0
2025-12-08 00:13:58,3,1497.6
2025-12-08 00:13:59,3,1513.8
2025-12-08 00:14:00,3,1544.5
2025-12-08 00:14:01,3,1535.7
2025-12-08 00:14:02,3,1573.8
2025-12-08 00:14:03,3,1547.0
2025-12-08 00:14:04,3,1551.2
2025-12-08 00:14:05,3,1555.5
2025-12-08 00:14:06,3,1543.3
2025-12-08 00:14:07,3,1549.8
2025-12-08 00:14:08,3,1558.0
2025-12-08 00:14:09,3,1558.0
2025-12-08 00:14:10,3,1553.9
2025-12-08 00:14:11,3,1571.5
2025-12-08 00:14:12,3,1532.4
2025-12-08 00:14:13,3,1503.1
2025-12-08 00:14:14,3,1483.4
2025-12-08 00:14:15,3,1516.9
2025-12-08 00:14:16,3,1537.4
2025-12-08 00:14:17,3,1566.3
2025-12-08 00:14:18,3,1557.4
2025-12-08 00:14:19,3,1562.3
2025-12-08 00:14:20,3,1536.8
2025-12-08 00:14:21,3,1555.0
2025-12-08 00:14:22,3,1543.4
2025-12-08 00:14:23,3,1539.0
2025-12-08 00:14:24,3,1508.4
2025-12-08 00:14:25,3,1522.9
2025-12-08 00:14:26,3,1496.2
2025-12-08 00:14:27,3,1501.0
2025-12-08 00:14:28,3,1513.6
2025-12-08 00:14:29,3,1519.9
2025-12-08 00:14:30,3,1514.3
2025-12-08 00:14:31,3,1497.4
2025-12-08 00:14:32,3,1550.5
2025-12-08 00:14:33,3,1528.5
2025-12-08 00:14:34,3,1553.5
2025-12-08 00:14:35,3,1556.9
2025-12-08 00:14:36,3,1533.1
2025-12-08 00:14:37,3,1541.8
2025-12-08 00:14:38,3,1536.8
2025-12-08 00:14:39,3,1558.1
2025-12-08 00:14:40,3,1537.7
2025-12-08 00:14:41,3,1555.7
2025-12-08 00:14:42,3,1540.6
2025-12-08 00:14:43,3,1554.9
2025-12-08 00:14:44,3,1547.6
2025-12-08 00:14:45,3,1556.6
2025-12-08 00:14:46,3,1556.4
2025-12-08 00:14:47,3,1558.3
2025-12-08 00:14:48,3,1593.2
2025-12-08 00:14:49,3,1604.1
2025-12-08 00:14:50,3,1619.0
2025-12-08 00:14:51,3,1606.2
2025-12-08 00:14:52,3,1630.2
2025-12-08 00:14:53,3,1602.7
2025-12-08 00:14:54,3,1594.8
2025-12-08 00:14:55,3,1600.0
2025-12-08 00:14:56,3,1596.0
2025-12-08 00:14:57,3,1543.0
2025-12-08 00:14:58,3,1548.8
2025-12-08 00:14:59,3,1564.0
2025-12-08 00:15:00,3,710.6
2025-12-08 00:15:01,3,748.0
2025-12-08 00:15:02,3,736.0
2025-12-08 00:15:03,3,744.6
2025-12-08 00:15:04,3,740.4
2025-12-08 00:15:05,3,733.9
2025-12-08 00:15:06,3,730.2
2025-12-08 00:15:07,3,714.5
2025-12-08 00:15:08,3,736.5
2025-12-08 00:15:09,3,736.5
2025-12-08 00:15:10,3,717.9
2025-12-08 00:15:11,3,754.8
2025-12-08 00:15:12,3,738.6
2025-12-08 00:15:13,3,708.0
2025-12-08 00:15:14,3,728.4
2025-12-08 00:15:15,3,741.2
2025-12-08 00:15:16,3,725.3
2025-12-08 00:15:17,3,742.1
2025-12-08 00:15:18,3,729.2
2025-12-08 00:15:19,3,740.2
2025-12-08 00:15:20,3,745.3
2025-12-08 00:15:21,3,735.3
2025-12-08 00:15:22,3,740.3
2025-12-08 00:15:23,3,718.1
2025-12-08 00:15:24,3,726.3
2025-12-08 00:15:25,3,737.1
2025-12-08 00:15:26,3,725.1
2025-12-08 00:15:27,3,750.6
2025-12-08 00:15:28,3,734.8
2025-12-08 00:15:29,3,736.7
2025-12-08 00:15:30,3,717.7
2025-12-08 00:15:31,3,714.9
2025-12-08 00:15:32,3,735.8
2025-12-08 00:15:33,3,880.7
2025-12-08 00:15:34,3,842.1
2025-12-08 00:15:35,3,835.2
2025-12-08 00:15:36,3,820.0
2025-12-08 00:15:37,3,735.5
2025-12-08 00:15:38,3,837.6
2025-12-08 00:15:39,3,887.6
2025-12-08 00:15:40,3,828.9
2025-12-08 00:15:41,3,861.1
2025-12-08 00:15:42,3,778.5
2025-12-08 00:15:43,3,783.5
2025-12-08 00:15:44,3,837.5
2025-12-08 00:15:45,3,840.4
2025-12-08 00:15:46,3,832.5
2025-12-08 00:15:47,3,831.1
2025-12-08 00:15:48,3,863.8
2025-12-08 00:15:49,3,833.2
2025-12-08 00:15:50,3,846.9
2025-12-08 00:15:51,3,839.6
2025-12-08 00:15:52,3,750.0
2025-12-08 00:15:53,3,763.8
2025-12-08 00:15:54,3,784.8
2025-12-08 00:15:55,3,751.2
2025-12-08 00:15:56,3,766.7
2025-12-08 00:15:57,3,755.4
2025-12-08 00:15:58,3,786.3
2025-12-08 00:15:59,3,765.4
2025-12-08 00:16:00,3,1284.0
2025-12-08 00:16:01,3,1282.4
2025-12-08 00:16:02,3,1263.6
2025-12-08 00:16:03,3,1278.1
2025-12-08 00:16:04,3,1296.0
2025-12-08 00:16:05,3,1077.9
2025-12-08 00:16:06,3,1260.1
2025-12-08 00:16:07,3,1088.6
2025-12-08 00:16:08,3,1033.5
2025-12-08 00:16:09,3,1136.9
2025-12-08 00:16:10,3,1070.8
2025-12-08 00:16:11,3,1093.1
2025-12-08 00:16:12,3,1144.5
2025-12-08 00:16:13,3,1137.0
2025-12-08 00:16:14,3,1200.7
2025-12-08 00:16:15,3,1234.8
2025-12-08 00:16:16,3,1241.1
2025-12-08 00:16:17,3,1272.9
2025-12-08 00:16:18,3,1300.7
2025-12-08 00:16:19,3,1297.7
2025-12-08 00:16:20,3,1285.5
2025-12-08 00:16:21,3,1314.4
2025-12-08 00:16:22,3,1304.0
2025-12-08 00:16:23,3,1332.5
2025-12-08 00:16:24,3,1304.0
2025-12-08 00:16:25,3,1321.2
2025-12-08 00:16:26,3,1309.1
2025-12-08 00:16:27,3,1305.1
2025-12-08 00:16:28,3,1329.9
2025-12-08 00:16:29,3,1328.5
2025-12-08 00:16:30,3,1318.2
2025-12-08 00:16:31,3,1308.3
2025-12-08 00:16:32,3,1312.3
2025-12-08 00:16:33,3,1314.4
2025-12-08 00:16:34,3,1295.2
2025-12-08 00:16:35,3,1292.9
2025-12-08 00:16:36,3,1325.2
2025-12-08 00:16:37,3,1310.6
2025-12-08 00:16:38,3,1315.5
2025-12-08 00:16:39,3,1314.1
2025-12-08 00:16:40,3,1329.3
2025-12-08 00:16:41,3,1325.9
2025-12-08 00:16:42,3,1313.9
2025-12-08 00:16:43,3,1330.2
2025-12-08 00:16:44,3,1334.2
2025-12-08 00:16:45,3,1317.3
2025-12-08 00:16:46,3,1312.5
2025-12-08 00:16:47,3,1329.1
2025-12-08 00:16:48,3,1333.9
2025-12-08 00:16:49,3,1338.7
2025-12-08 00:16:50,3,1327.9
2025-12-08 00:16:51,3,1337.3
2025-12-08 00:16:52,3,1336.3
2025-12-08 00:16:53,3,1341.5
2025-12-08 00:16:54,3,1346.9
2025-12-08 00:16:55,3,1327.2
2025-12-08 00:16:56,3,1346.2
2025-12-08 00:16:57,3,1346.0
2025-12-08 00:16:58,3,1349.9
2025-12-08 00:16:59,3,1365.0
2025-12-08 00:17:00,3,1334.3
2025-12-08 00:17:01,3,1339.5
2025-12-08 00:17:02,3,1325.1
2025-12-08 00:17:03,3,1360.1
2025-12-08 00:17:04,3,1322.4
2025-12-08 00:17:05,3,1329.9
2025-12-08 00:17:06,3,1338.4
2025-12-08 00:17:07,3,1324.2
2025-12-08 00:17:08,3,1333.5
2025-12-08 00:17:09,3,1313.9
2025-12-08 00:17:10,3,1340.2
2025-12-08 00:17:11,3,1345.6
2025-12-08 00:17:12,3,1339.8
2025-12-08 00:17:13,3,1339.2
2025-12-08 00:17:14,3,1342.7
2025-12-08 00:17:15,3,1360.9
2025-12-08 00:17:16,3,1339.0
2025-12-08 00:17:17,3,1340.2
2025-12-08 00:17:18,3,1377.8
2025-12-08 00:17:19,3,1356.3
2025-12-08 00:17:20,3,1309.9
2025-12-08 00:17:21,3,1356.8
2025-12-08 00:17:22,3,1351.6
2025-12-08 00:17:23,3,1346.8
2025-12-08 00:17:24,3,1333.2
2025-12-08 00:17:25,3,1334.1
2025-12-08 00:17:26,3,1330.9
2025-12-08 00:17:27,3,1319.6
2025-12-08 00:17:28,3,1352.6
2025-12-08 00:17:29,3,1337.1
2025-12-08 00:17:30,3,1356.3
2025-12-08 00:17:31,3,1341.1
2025-12-08 00:17:32,3,1331.7
2025-12-08 00:17:33,3,1336.4
2025-12-08 00:17:34,3,1334.6
2025-12-08 00:17:35,3,1327.9
2025-12-08 00:17:36,3,1335.2
2025-12-08 00:17:37,3,1331.9
2025-12-08 00:17:38,3,1345.1
2025-12-08 00:17:39,3,1347.8
2025-12-08 00:17:40,3,1357.6
2025-12-08 00:17:41,3,1346.5
2025-12-08 00:17:42,3,1312.0
2025-12-08 00:17:43,3,1331.3
2025-12-08 00:17:44,3,1325.3
2025-12-08 00:17:45,3,1336.7
2025-12-08 00:17:46,3,1334.3
2025-12-08 00:17:47,3,1341.8
2025-12-08 00:17:48,3,1324.1
2025-12-08 00:17:49,3,1325.7
2025-12-08 00:17:50,3,1362.8
2025-12-08 00:17:51,3,1338.0
2025-12-08 00:17:52,3,1361.5
2025-12-08 00:17:53,3,1331.1
2025-12-08 00:17:54,3,1340.9
2025-12-08 00:17:55,3,1337.5
2025-12-08 00:17:56,3,1335.0
2025-12-08 00:17:57,3,1342.9
2025-12-08 00:17:58,3,1330.3
2025-12-08 00:17:59,3,1338.7
2025-12-08 00:18:00,3,1445.6
2025-12-08 00:18:01,3,1434.7
2025-12-08 00:18:02,3,1439.3
2025-12-08 00:18:03,3,1442.1
2025-12-08 00:18:04,3,1451.1
2025-12-08 00:18:05,3,1447.2
2025-12-08 00:18:06,3,1437.0
2025-12-08 00:18:07,3,1449.0
2025-12-08 00:18:08,3,1421.2
2025-12-08 00:18:09,3,1425.2
2025-12-08 00:18:10,3,1441.5
2025-12-08 00:18:11,3,1450.9
2025-12-08 00:18:12,3,1426.3
2025-12-08 00:18:13,3,1436.1
2025-12-08 00:18:14,3,1441.0
2025-12-08 00:18:15,3,1439.2
2025-12-08 00:18:16,3,1447.1
2025-12-08 00:18:17,3,1444.6
2025-12-08 00:18:18,3,1444.2
2025-12-08 00:18:19,3,1341.9
2025-12-08 00:18:20,3,1322.4
2025-12-08 00:18:21,3,1339.3
2025-12-08 00:18:22,3,1322.9
2025-12-08 00:18:23,3,1442.7
2025-12-08 00:18:24,3,1438.6
2025-12-08 00:18:25,3,1431.9
2025-12-08 00:18:26,3,1421.8
2025-12-08 00:18:27,3,1457.7
2025-12-08 00:18:28,3,1442.2
2025-12-08 00:18:29,3,1427.9
2025-12-08 00:18:30,3,1449.9
2025-12-08 00:18:31,3,1432.4
2025-12-08 00:18:32,3,1453.9
2025-12-08 00:18:33,3,1455.3
2025-12-08 00:18:34,3,1460.3
2025-12-08 00:18:35,3,1472.9
2025-12-08 00:18:36,3,1426.9
2025-12-08 00:18:37,3,1425.5
2025-12-08 00:18:38,3,1446.1
2025-12-08 00:18:39,3,1432.7
2025-12-08 00:18:40,3,1453.9
2025-12-08 00:18:41,3,1452.9
2025-12-08 00:18:42,3,1447.1
2025-12-08 00:18:43,3,1452.8
2025-12-08 00:18:44,3,1442.8
2025-12-08 00:18:45,3,1431.6
2025-12-08 00:18:46,3,1449.7
2025-12-08 00:18:47,3,1456.8
2025-12-08 00:18:48,3,1433.8
2025-12-08 00:18:49,3,1414.7
2025-12-08 00:18:50,3,1449.6
2025-12-08 00:18:51,3,1464.1
2025-12-08 00:18:52,3,1445.4
2025-12-08 00:18:53,3,1444.8
2025-12-08 00:18:54,3,1443.0
2025-12-08 00:18:55,3,1440.7
2025-12-08 00:18:56,3,1474.5
2025-12-08 00:18:57,3,1525.2
2025-12-08 00:18:58,3,1520.6
2025-12-08 00:18:59,3,1510.7
2025-12-08 00:19:00,3,1546.9
2025-12-08 00:19:01,3,1564.5
2025-12-08 00:19:02,3,1521.3
2025-12-08 00:19:03,3,1558.4
2025-12-08 00:19:04,3,1562.6
2025-12-08 00:19:05,3,1565.2
2025-12-08 00:19:06,3,1543.8
2025-12-08 00:19:07,3,1560.8
2025-12-08 00:19:08,3,1546.6
2025-12-08 00:19:09,3,1558.3
2025-12-08 00:19:10,3,1546.2
2025-12-08 00:19:11,3,1540.1
2025-12-08 00:19:12,3,1561.0
2025-12-08 00:19:13,3,1510.2
2025-12-08 00:19:14,3,1486.9
2025-12-08 00:19:15,3,1517.8
2025-12-08 00:19:16,3,1557.1
2025-12-08 00:19:17,3,1529.9
2025-12-08 00:19:18,3,1547.9
2025-12-08 00:19:19,3,1557.9
2025-12-08 00:19:20,3,1564.2
2025-12-08 00:19:21,3,1559.1
2025-12-08 00:19:22,3,1548.5
2025-12-08 00:19:23,3,1560.3
2025-12-08 00:19:24,3,1497.8
2025-12-08 00:19:25,3,1522.0
2025-12-08 00:19:26,3,1513.5
2025-12-08 00:19:27,3,1524.9
2025-12-08 00:19:28,3,1513.8
2025-12-08 00:19:29,3,1529.1
2025-12-08 00:19:30,3,1491.9
2025-12-08 00:19:31,3,1506.6
2025-12-08 00:19:32,3,1554.2
2025-12-08 00:19:33,3,1550.2
2025-12-08 00:19:34,3,1545.6
2025-12-08 00:19:35,3,1557.7
2025-12-08 00:19:36,3,1567.0
2025-12-08 00:19:37,3,1556.2
2025-12-08 00:19:38,3,1546.6
2025-12-08 00:19:39,3,1557.3
2025-12-08 00:19:40,3,1553.6
2025-12-08 00:19:41,3,1548.3
2025-12-08 00:19:42,3,1532.2
2025-12-08 00:19:43,3,1542.2
2025-12-08 00:19:44,3,1541.6
2025-12-08 00:19:45,3,1572.1
2025-12-08 00:19:46,3,1562.8
2025-12-08 00:19:47,3,1553.6
2025-12-08 00:19:48,3,1609.1
2025-12-08 00:19:49,3,1601.0
2025-12-08 00:19:50,3,1592.6
2025-12-08 00:19:51,3,1593.0
2025-12-08 00:19:52,3,1609.1
2025-12-08 00:19:53,3,1596.8
2025-12-08 00:19:54,3,1595.4
2025-12-08 00:19:55,3,1575.8
2025-12-08 00:19:56,3,1592.8
2025-12-08 00:19:57,3,1561.3
2025-12-08 00:19:58,3,1531.5
2025-12-08 00:19:59,3,1554.5
2025-12-08 00:20:00,3,718.3
2025-12-08 00:20:01,3,745.2
2025-12-08 00:20:02,3,733.9
2025-12-08 00:20:03,3,712.3
2025-12-08 00:20:04,3,717.9
2025-12-08 00:20:05,3,715.6
2025-12-08 00:20:06,3,729.2
2025-12-08 00:20:07,3,729.5
2025-12-08 00:20:08,3,721.8
2025-12-08 00:20:09,3,738.4
2025-12-08 00:20:10,3,736.0
2025-12-08 00:20:11,3,729.7
2025-12-08 00:20:12,3,736.4
2025-12-08 00:20:13,3,730.5
2025-12-08 00:20:14,3,742.0
2025-12-08 00:20:15,3,725.2
2025-12-08 00:20:16,3,739.3
2025-12-08 00:20:17,3,733.5
2025-12-08 00:20:18,3,738.6
2025-12-08 00:20:19,3,742.6
2025-12-08 00:20:20,3,740.9
2025-12-08 00:20:21,3,734.6
2025-12-08 00:20:22,3,742.2
2025-12-08 00:20:23,3,720.4
2025-12-08 00:20:24,3,732.1
2025-12-08 00:20:25,3,712.2
2025-12-08 00:20:26,3,726.1
2025-12-08 00:20:27,3,734.2
2025-12-08 00:20:28,3,726.9
2025-12-08 00:20:29,3,723.4
2025-12-08 00:20:30,3,726.7
2025-12-08 00:20:31,3,720.9
2025-12-08 00:20:32,3,724.4
2025-12-08 00:20:33,3,846.9
2025-12-08 00:20:34,3,835.1
2025-12-08 00:20:35,3,849.6
2025-12-08 00:20:36,3,839.2
2025-12-08 00:20:37,3,748.9
2025-12-08 00:20:38,3,835.5
2025-12-08 00:20:39,3,884.6
2025-12-08 00:20:40,3,859.1
2025-12-08 00:20:41,3,851.4
2025-12-08 00:20:42,3,771.3
2025-12-08 00:20:43,3,753.3
2025-12-08 00:20:44,3,821.5
2025-12-08 00:20:45,3,842.5
2025-12-08 00:20:46,3,839.8
2025-12-08 00:20:47,3,837.9
2025-12-08 00:20:48,3,821.5
2025-12-08 00:20:49,3,834.8
2025-12-08 00:20:50,3,818.2
2025-12-08 00:20:51,3,845.4
2025-12-08 00:20:52,3,774.1
2025-12-08 00:20:53,3,765.3
2025-12-08 00:20:54,3,758.0
2025-12-08 00:20:55,3,774.2
2025-12-08 00:20:56,3,765.3
2025-12-08 00:20:57,3,778.7
2025-12-08 00:20:58,3,768.7
2025-12-08 00:20:59,3,743.4
2025-12-08 00:21:00,3,1277.7
2025-12-08 00:21:01,3,1301.0
2025-12-08 00:21:02,3,1283.1
2025-12-08 00:21:03,3,1272.8
2025-12-08 00:21:04,3,1281.4
2025-12-08 00:21:05,3,1091.9
2025-12-08 00:21:06,3,1238.8
2025-12-08 00:21:07,3,1066.5
2025-12-08 00:21:08,3,1060.7
2025-12-08 00:21:09,3,1151.6
2025-12-08 00:21:10,3,1060.0
2025-12-08 00:21:11,3,1094.4
2025-12-08 00:21:12,3,1163.8
2025-12-08 00:21:13,3,1165.8
2025-12-08 00:21:14,3,1179.1
2025-12-08 00:21:15,3,1220.6
2025-12-08 00:21:16,3,1246.6
2025-12-08 00:21:17,3,1263.9
2025-12-08 00:21:18,3,1266.8
2025-12-08 00:21:19,3,1290.6
2025-12-08 00:21:20,3,1315.4
2025-12-08 00:21:21,3,1325.1
2025-12-08 00:21:22,3,1321.9
2025-12-08 00:21:23,3,1321.2
2025-12-08 00:21:24,3,1312.5
2025-12-08 00:21:25,3,1307.5
2025-12-08 00:21:26,3,1325.3
2025-12-08 00:21:27,3,1308.8
2025-12-08 00:21:28,3,1318.0
2025-12-08 00:21:29,3,1300.3
2025-12-08 00:21:30,3,1313.9
2025-12-08 00:21:31,3,1315.8
2025-12-08 00:21:32,3,1307.1
2025-12-08 00:21:33,3,1293.2
2025-12-08 00:21:34,3,1296.9
2025-12-08 00:21:35,3,1302.6
2025-12-08 00:21:36,3,1323.3
2025-12-08 00:21:37,3,1319.1
2025-12-08 00:21:38,3,1296.8
2025-12-08 00:21:39,3,1310.3
2025-12-08 00:21:40,3,1313.8
2025-12-08 00:21:41,3,1316.9
2025-12-08 00:21:42,3,1307.6
2025-12-08 00:21:43,3,1320.2
2025-12-08 00:21:44,3,1299.1
2025-12-08 00:21:45,3,1336.7
2025-12-08 00:21:46,3,1323.8
2025-12-08 00:21:47,3,1334.6
2025-12-08 00:21:48,3,1320.8
2025-12-08 00:21:49,3,1332.8
2025-12-08 00:21:50,3,1346.0
2025-12-08 00:21:51,3,1343.1
2025-12-08 00:21:52,3,1320.6
2025-12-08 00:21:53,3,1351.8
2025-12-08 00:21:54,3,1335.0
2025-12-08 00:21:55,3,1317.7
2025-12-08 00:21:56,3,1331.4
2025-12-08 00:21:57,3,1342.2
2025-12-08 00:21:58,3,1345.4
2025-12-08 00:21:59,3,1345.8
2025-12-08 00:22:00,3,1341.3
2025-12-08 00:22:01,3,1344.5
2025-12-08 00:22:02,3,1337.3
2025-12-08 00:22:03,3,1328.2
2025-12-08 00:22:04,3,1355.9
2025-12-08 00:22:05,3,1334.2
2025-12-08 00:22:06,3,1336.9
2025-12-08 00:22:07,3,1346.6
2025-12-08 00:22:08,3,1336.2
2025-12-08 00:22:09,3,1342.7
2025-12-08 00:22:10,3,1341.6
2025-12-08 00:22:11,3,1322.8
2025-12-08 00:22:12,3,1350.4
2025-12-08 00:22:13,3,1314.9
2025-12-08 00:22:14,3,1314.6
2025-12-08 00:22:15,3,1337.8
2025-12-08 00:22:16,3,1333.5
2025-12-08 00:22:17,3,1332.9
2025-12-08 00:22:18,3,1347.6
2025-12-08 00:22:19,3,1358.2
2025-12-08 00:22:20,3,1334.8
2025-12-08 00:22:21,3,1349.0
2025-12-08 00:22:22,3,1331.3
2025-12-08 00:22:23,3,1355.9
2025-12-08 00:22:24,3,1351.5
2025-12-08 00:22:25,3,1334.7
2025-12-08 00:22:26,3,1351.6
2025-12-08 00:22:27,3,1327.3
2025-12-08 00:22:28,3,1341.0
2025-12-08 00:22:29,3,1321.7
2025-12-08 00:22:30,3,1321.3
2025-12-08 00:22:31,3,1328.6
2025-12-08 00:22:32,3,1339.1
2025-12-08 00:22:33,3,1339.5
2025-12-08 00:22:34,3,1348.0
2025-12-08 00:22:35,3,1343.4
2025-12-08 00:22:36,3,1331.8
2025-12-08 00:22:37,3,1321.8
2025-12-08 00:22:38,3,1327.8
2025-12-08 00:22:39,3,1343.0
2025-12-08 00:22:40,3,1336.2
2025-12-08 00:22:41,3,1358.7
2025-12-08 00:22:42,3,1320.4
2025-12-08 00:22:43,3,1315.2
2025-12-08 00:22:44,3,1341.6
2025-12-08 00:22:45,3,1321.5
2025-12-08 00:22:46,3,1337.5
2025-12-08 00:22:47,3,1341.7
2025-12-08 00:22:48,3,1329.0
2025-12-08 00:22:49,3,1339.8
2025-12-08 00:22:50,3,1337.4
2025-12-08 00:22:51,3,1341.6
2025-12-08 00:22:52,3,1318.8
2025-12-08 00:22:53,3,1327.4
2025-12-08 00:22:54,3,1352.9
2025-12-08 00:22:55,3,1345.4
2025-12-08 00:22:56,3,1330.7
2025-12-08 00:22:57,3,1327.6
2025-12-08 00:22:58,3,1325.7
2025-12-08 00:22:59,3,1338.1
2025-12-08 00:23:00,3,1432.1
2025-12-08 00:23:01,3,1418.2
2025-12-08 00:23:02,3,1452.9
2025-12-08 00:23:03,3,1427.8
2025-12-08 00:23:04,3,1454.9
2025-12-08 00:23:05,3,1428.1
2025-12-08 00:23:06,3,1421.9
2025-12-08 00:23:07,3,1444.8
2025-12-08 00:23:08,3,1438.0
2025-12-08 00:23:09,3,1448.3
2025-12-08 00:23:10,3,1416.3
2025-12-08 00:23:11,3,1462.7
2025-12-08 00:23:12,3,1448.0
2025-12-08 00:23:13,3,1429.1
2025-12-08 00:23:14,3,1430.8
2025-12-08 00:23:15,3,1428.5
2025-12-08 00:23:16,3,1444.9
2025-12-08 00:23:17,3,1428.1
2025-12-08 00:23:18,3,1437.8
2025-12-08 00:23:19,3,1344.2
2025-12-08 00:23:20,3,1340.7
2025-12-08 00:23:21,3,1359.3
2025-12-08 00:23:22,3,1332.8
2025-12-08 00:23:23,3,1432.8
2025-12-08 00:23:24,3,1453.4
2025-12-08 00:23:25,3,1436.5
2025-12-08 00:23:26,3,1449.3
2025-12-08 00:23:27,3,1454.9
2025-12-08 00:23:28,3,1450.2
2025-12-08 00:23:29,3,1440.1
2025-12-08 00:23:30,3,1443.3
2025-12-08 00:23:31,3,1445.9
2025-12-08 00:23:32,3,1447.0
2025-12-08 00:23:33,3,1446.8
2025-12-08 00:23:34,3,1444.2
2025-12-08 00:23:35,3,1453.0
2025-12-08 00:23:36,3,1426.2
2025-12-08 00:23:37,3,1453.6
2025-12-08 00:23:38,3,1428.4
2025-12-08 00:23:39,3,1428.4
2025-12-08 00:23:40,3,1460.5
2025-12-08 00:23:41,3,1443.5
2025-12-08 00:23:42,3,1462.9
2025-12-08 00:23:43,3,1425.5
2025-12-08 00:23:44,3,1447.1
2025-12-08 00:23:45,3,1461.9
2025-12-08 00:23:46,3,1446.1
2025-12-08 00:23:47,3,1419.9
2025-12-08 00:23:48,3,1434.7
2025-12-08 00:23:49,3,1437.0
2025-12-08 00:23:50,3,1416.4
2025-12-08 00:23:51,3,1445.6
2025-12-08 00:23:52,3,1441.6
2025-12-08 00:23:53,3,1434.7
2025-12-08 00:23:54,3,1423.5
2025-12-08 00:23:55,3,1440.5
2025-12-08 00:23:56,3,1478.2
2025-12-08 00:23:57,3,1527.2
2025-12-08 00:23:58,3,1505.2
2025-12-08 00:23:59,3,1503.7
2025-12-08 00:24:00,3,1540.0
2025-12-08 00:24:01,3,1563.8
2025-12-08 00:24:02,3,1556.2
2025-12-08 00:24:03,3,1531.9
2025-12-08 00:24:04,3,1550.2
2025-12-08 00:24:05,3,1561.2
2025-12-08 00:24:06,3,1542.7
2025-12-08 00:24:07,3,1562.6
2025-12-08 00:24:08,3,1547.0
2025-12-08 00:24:09,3,1562.0
2025-12-08 00:24:10,3,1572.8
2025-12-08 00:24:11,3,1552.0
2025-12-08 00:24:12,3,1540.9
2025-12-08 00:24:13,3,1487.2
2025-12-08 00:24:14,3,1512.4
2025-12-08 00:24:15,3,1497.5
2025-12-08 00:24:16,3,1547.3
2025-12-08 00:24:17,3,1543.1
2025-12-08 00:24:18,3,1566.3
2025-12-08 00:24:19,3,1540.7
2025-12-08 00:24:20,3,1551.1
2025-12-08 00:24:21,3,1544.7
2025-12-08 00:24:22,3,1552.0
2025-12-08 00:24:23,3,1555.8
2025-12-08 00:24:24,3,1514.2
2025-12-08 00:24:25,3,1505.8
2025-12-08 00:24:26,3,1530.4
2025-12-08 00:24:27,3,1526.8
2025-12-08 00:24:28,3,1510.4
2025-12-08 00:24:29,3,1530.6
2025-12-08 00:24:30,3,1500.5
2025-12-08 00:24:31,3,1498.1
2025-12-08 00:24:32,3,1553.1
2025-12-08 00:24:33,3,1551.1
2025-12-08 00:24:34,3,1538.9
2025-12-08 00:24:35,3,1547.5
2025-12-08 00:24:36,3,1569.6
2025-12-08 00:24:37,3,1569.6
2025-12-08 00:24:38,3,1546.2
2025-12-08 00:24:39,3,1545.2
2025-12-08 00:24:40,3,1517.9
2025-12-08 00:24:41,3,1539.2
2025-12-08 00:24:42,3,1543.4
2025-12-08 00:24:43,3,1557.5
2025-12-08 00:24:44,3,1556.1
2025-12-08 00:24:45,3,1536.2
2025-12-08 00:24:46,3,1565.1
2025-12-08 00:24:47,3,1542.7
2025-12-08 00:24:48,3,1586.8
2025-12-08 00:24:49,3,1606.0
2025-12-08 00:24:50,3,1598.4
2025-12-08 00:24:51,3,1603.3
2025-12-08 00:24:52,3,1596.6
2025-12-08 00:24:53,3,1607.0
2025-12-08 00:24:54,3,1607.9
2025-12-08 00:24:55,3,1587.3
2025-12-08 00:24:56,3,1588.8
2025-12-08 00:24:57,3,1544.0
2025-12-08 00:24:58,3,1542.5
2025-12-08 00:24:59,3,1546.9
2025-12-08 00:25:00,3,764.6
2025-12-08 00:25:01,3,738.8
2025-12-08 00:25:02,3,724.4
2025-12-08 00:25:03,3,728.9
2025-12-08 00:25:04,3,735.1
2025-12-08 00:25:05,3,714.7
2025-12-08 00:25:06,3,722.1
2025-12-08 00:25:07,3,727.1
2025-12-08 00:25:08,3,740.5
2025-12-08 00:25:09,3,737.4
2025-12-08 00:25:10,3,745.1
2025-12-08 00:25:11,3,727.1
2025-12-08 00:25:12,3,732.2
2025-12-08 00:25:13,3,733.3
2025-12-08 00:25:14,3,725.3
2025-12-08 00:25:15,3,712.8
2025-12-08 00:25:16,3,752.2
2025-12-08 00:25:17,3,752.3
2025-12-08 00:25:18,3,724.7
2025-12-08 00:25:19,3,742.9
2025-12-08 00:25:20,3,724.9
2025-12-08 00:25:21,3,742.5
2025-12-08 00:25:22,3,752.7
2025-12-08 00:25:23,3,743.8
2025-12-08 00:25:24,3,743.4
2025-12-08 00:25:25,3,728.3
2025-12-08 00:25:26,3,729.9
2025-12-08 00:25:27,3,734.1
2025-12-08 00:25:28,3,739.9
2025-12-08 00:25:29,3,743.4
2025-12-08 00:25:30,3,743.5
2025-12-08 00:25:31,3,727.0
2025-12-08 00:25:32,3,726.4
2025-12-08 00:25:33,3,861.9
2025-12-08 00:25:34,3,820.9
2025-12-08 00:25:35,3,838.8
2025-12-08 00:25:36,3,830.5
2025-12-08 00:25:37,3,753.8
2025-12-08 00:25:38,3,827.2
2025-12-08 00:25:39,3,913.1
2025-12-08 00:25:40,3,856.5
2025-12-08 00:25:41,3,849.1
2025-12-08 00:25:42,3,773.1
2025-12-08 00:25:43,3,771.7
2025-12-08 00:25:44,3,826.3
2025-12-08 00:25:45,3,851.5
2025-12-08 00:25:46,3,838.8
2025-12-08 00:25:47,3,838.2
2025-12-08 00:25:48,3,838.1
2025-12-08 00:25:49,3,843.0
2025-12-08 00:25:50,3,841.3
2025-12-08 00:25:51,3,849.1
2025-12-08 00:25:52,3,766.7
2025-12-08 00:25:53,3,752.1
2025-12-08 00:25:54,3,773.0
2025-12-08 00:25:55,3,774.4
2025-12-08 00:25:56,3,772.7
2025-12-08 00:25:57,3,750.9
2025-12-08 00:25:58,3,776.8
2025-12-08 00:25:59,3,774.0
2025-12-08 00:26:00,3,1285.9
2025-12-08 00:26:01,3,1280.7
2025-12-08 00:26:02,3,1256.7
2025-12-08 00:26:03,3,1292.5
2025-12-08 00:26:04,3,1283.9
2025-12-08 00:26:05,3,1088.1
2025-12-08 00:26:06,3,1245.4
2025-12-08 00:26:07,3,1071.6
2025-12-08 00:26:08,3,1069.3
2025-12-08 00:26:09,3,1130.3
2025-12-08 00:26:10,3,1081.9
2025-12-08 00:26:11,3,1098.0
2025-12-08 00:26:12,3,1135.0
2025-12-08 00:26:13,3,1181.8
2025-12-08 00:26:14,3,1207.0
2025-12-08 00:26:15,3,1217.1
2025-12-08 00:26:16,3,1222.4
2025-12-08 00:26:17,3,1260.2
2025-12-08 00:26:18,3,1291.0
2025-12-08 00:26:19,3,1317.9
2025-12-08 00:26:20,3,1299.0
2025-12-08 00:26:21,3,1294.3
2025-12-08 00:26:22,3,1298.5
2025-12-08 00:26:23,3,1298.1
2025-12-08 00:26:24,3,1317.0
2025-12-08 00:26:25,3,1310.7
2025-12-08 00:26:26,3,1299.5
2025-12-08 00:26:27,3,1303.7
2025-12-08 00:26:28,3,1330.8
2025-12-08 00:26:29,3,1314.9
2025-12-08 00:26:30,3,1316.1
2025-12-08 00:26:31,3,1306.5
2025-12-08 00:26:32,3,1292.5
2025-12-08 00:26:33,3,1296.8
2025-12-08 00:26:34,3,1290.7
2025-12-08 00:26:35,3,1316.9
2025-12-08 00:26:36,3,1311.9
2025-12-08 00:26:37,3,1295.2
2025-12-08 00:26:38,3,1304.9
2025-12-08 00:26:39,3,1320.7
2025-12-08 00:26:40,3,1304.1
2025-12-08 00:26:41,3,1337.7
2025-12-08 00:26:42,3,1317.8
2025-12-08 00:26:43,3,1330.0
2025-12-08 00:26:44,3,1309.8
2025-12-08 00:26:45,3,1318.9
2025-12-08 00:26:46,3,1334.1
2025-12-08 00:26:47,3,1331.1
2025-12-08 00:26:48,3,1344.0
2025-12-08 00:26:49,3,1355.7
2025-12-08 00:26:50,3,1328.6
2025-12-08 00:26:51,3,1354.9
2025-12-08 00:26:52,3,1363.4
2025-12-08 00:26:53,3,1328.1
2025-12-08 00:26:54,3,1333.2
2025-12-08 00:26:55,3,1353.4
2025-12-08 00:26:56,3,1328.8
2025-12-08 00:26:57,3,1336.0
2025-12-08 00:26:58,3,1342.6
2025-12-08 00:26:59,3,1357.1
2025-12-08 00:27:00,3,1328.7
2025-12-08 00:27:01,3,1349.7
2025-12-08 00:27:02,3,1328.7
2025-12-08 00:27:03,3,1319.3
2025-12-08 00:27:04,3,1338.4
2025-12-08 00:27:05,3,1330.4
2025-12-08 00:27:06,3,1349.3
2025-12-08 00:27:07,3,1353.9
2025-12-08 00:27:08,3,1327.5
2025-12-08 00:27:09,3,1362.0
2025-12-08 00:27:10,3,1334.1
2025-12-08 00:27:11,3,1334.0
2025-12-08 00:27:12,3,1328.5
2025-12-08 00:27:13,3,1327.8
2025-12-08 00:27:14,3,1327.7
2025-12-08 00:27:15,3,1362.4
2025-12-08 00:27:16,3,1332.4
2025-12-08 00:27:17,3,1369.4
2025-12-08 00:27:18,3,1332.7
2025-12-08 00:27:19,3,1338.9
2025-12-08 00:27:20,3,1318.4
2025-12-08 00:27:21,3,1348.4
2025-12-08 00:27:22,3,1339.3
2025-12-08 00:27:23,3,1338.8
2025-12-08 00:27:24,3,1362.9
2025-12-08 00:27:25,3,1334.8
2025-12-08 00:27:26,3,1321.2
2025-12-08 00:27:27,3,1339.2
2025-12-08 00:27:28,3,1341.4
2025-12-08 00:27:29,3,1328.0
2025-12-08 00:27:30,3,1339.9
2025-12-08 00:27:31,3,1359.9
2025-12-08 00:27:32,3,1323.9
2025-12-08 00:27:33,3,1336.7
2025-12-08 00:27:34,3,1335.2
2025-12-08 00:27:35,3,1362.0
2025-12-08 00:27:36,3,1324.7
2025-12-08 00:27:37,3,1318.2
2025-12-08 00:27:38,3,1329.7
2025-12-08 00:27:39,3,1336.0
2025-12-08 00:27:40,3,1338.3
2025-12-08 00:27:41,3,1347.1
2025-12-08 00:27:42,3,1333.0
2025-12-08 00:27:43,3,1322.2
2025-12-08 00:27:44,3,1321.2
2025-12-08 00:27:45,3,1341.6
2025-12-08 00:27:46,3,1324.1
2025-12-08 00:27:47,3,1332.8
2025-12-08 00:27:48,3,1340.7
2025-12-08 00:27:49,3,1343.5
2025-12-08 00:27:50,3,1330.9
2025-12-08 00:27:51,3,1335.3
2025-12-08 00:27:52,3,1340.8
2025-12-08 00:27:53,3,1338.2
2025-12-08 00:27:54,3,1340.3
2025-12-08 00:27:55,3,1326.4
2025-12-08 00:27:56,3,1339.0
2025-12-08 00:27:57,3,1352.1
2025-12-08 00:27:58,3,1337.9
2025-12-08 00:27:59,3,1336.4
2025-12-08 00:28:00,3,1430.7
2025-12-08 00:28:01,3,1443.8
2025-12-08 00:28:02,3,1443.8
2025-12-08 00:28:03,3,1439.4
2025-12-08 00:28:04,3,1444.5
2025-12-08 00:28:05,3,1428.9
2025-12-08 00:28:06,3,1435.3
2025-12-08 00:28:07,3,1432.5
2025-12-08 00:28:08,3,1429.1
2025-12-08 00:28:09,3,1447.1
2025-12-08 00:28:10,3,1436.1
2025-12-08 00:28:11,3,1451.9
2025-12-08 00:28:12,3,1457.7
2025-12-08 00:28:13,3,1449.1
2025-12-08 00:28:14,3,1449.2
2025-12-08 00:28:15,3,1434.3
2025-12-08 00:28:16,3,1436.8
2025-12-08 00:28:17,3,1430.1
2025-12-08 00:28:18,3,1446.0
2025-12-08 00:28:19,3,1334.6
2025-12-08 00:28:20,3,1344.8
2025-12-08 00:28:21,3,1338.7
2025-12-08 00:28:22,3,1357.1
2025-12-08 00:28:23,3,1450.6
2025-12-08 00:28:24,3,1438.1
2025-12-08 00:28:25,3,1436.8
2025-12-08 00:28:26,3,1433.4
2025-12-08 00:28:27,3,1425.3
2025-12-08 00:28:28,3,1453.0
2025-12-08 00:28:29,3,1424.7
2025-12-08 00:28:30,3,1461.9
2025-12-08 00:28:31,3,1442.3
2025-12-08 00:28:32,3,1452.1
2025-12-08 00:28:33,3,1455.0
2025-12-08 00:28:34,3,1455.3
2025-12-08 00:28:35,3,1470.6
2025-12-08 00:28:36,3,1444.3
2025-12-08 00:28:37,3,1450.4
2025-12-08 00:28:38,3,1451.1
2025-12-08 00:28:39,3,1463.9
2025-12-08 00:28:40,3,1446.1
2025-12-08 00:28:41,3,1448.7
2025-12-08 00:28:42,3,1452.6
2025-12-08 00:28:43,3,1440.7
2025-12-08 00:28:44,3,1476.5
2025-12-08 00:28:45,3,1435.2
2025-12-08 00:28:46,3,1463.9
2025-12-08 00:28:47,3,1424.4
2025-12-08 00:28:48,3,1410.0
2025-12-08 00:28:49,3,1442.9
2025-12-08 00:28:50,3,1425.4
2025-12-08 00:28:51,3,1439.2
2025-12-08 00:28:52,3,1444.0
2025-12-08 00:28:53,3,1454.5
2025-12-08 00:28:54,3,1441.8
2025-12-08 00:28:55,3,1439.4
2025-12-08 00:28:56,3,1482.8
2025-12-08 00:28:57,3,1515.8
2025-12-08 00:28:58,3,1505.2
2025-12-08 00:28:59,3,1514.3
2025-12-08 00:29:00,3,1566.0
2025-12-08 00:29:01,3,1552.6
2025-12-08 00:29:02,3,1557.7
2025-12-08 00:29:03,3,1562.2
2025-12-08 00:29:04,3,1551.0
2025-12-08 00:29:05,3,1556.9
2025-12-08 00:29:06,3,1552.5
2025-12-08 00:29:07,3,1549.4
2025-12-08 00:29:08,3,1570.7
2025-12-08 00:29:09,3,1553.8
2025-12-08 00:29:10,3,1547.7
2025-12-08 00:29:11,3,1545.2
2025-12-08 00:29:12,3,1540.6
2025-12-08 00:29:13,3,1502.5
2025-12-08 00:29:14,3,1508.9
2025-12-08 00:29:15,3,1504.8
2025-12-08 00:29:16,3,1557.0
2025-12-08 00:29:17,3,1521.7
2025-12-08 00:29:18,3,1545.1
2025-12-08 00:29:19,3,1553.4
2025-12-08 00:29:20,3,1556.0
2025-12-08 00:29:21,3,1548.2
2025-12-08 00:29:22,3,1554.5
2025-12-08 00:29:23,3,1577.3
2025-12-08 00:29:24,3,1511.4
2025-12-08 00:29:25,3,1529.0
2025-12-08 00:29:26,3,1518.5
2025-12-08 00:29:27,3,1513.7
2025-12-08 00:29:28,3,1506.6
2025-12-08 00:29:29,3,1530.3
2025-12-08 00:29:30,3,1520.7
2025-12-08 00:29:31,3,1513.8
2025-12-08 00:29:32,3,1543.9
2025-12-08 00:29:33,3,1554.9
2025-12-08 00:29:34,3,1588.3
2025-12-08 00:29:35,3,1557.5
2025-12-08 00:29:36,3,1540.7
2025-12-08 00:29:37,3,1550.1
2025-12-08 00:29:38,3,1553.4
2025-12-08 00:29:39,3,1548.8
2025-12-08 00:29:40,3,1554.3
2025-12-08 00:29:41,3,1547.2
2025-12-08 00:29:42,3,1531.1
2025-12-08 00:29:43,3,1550.7
2025-12-08 00:29:44,3,1536.2
2025-12-08 00:29:45,3,1545.6
2025-12-08 00:29:46,3,1562.4
2025-12-08 00:29:47,3,1549.1
2025-12-08 00:29:48,3,1600.7
2025-12-08 00:29:49,3,1612.6
2025-12-08 00:29:50,3,1609.8
2025-12-08 00:29:51,3,1609.0
2025-12-08 00:29:52,3,1634.4
2025-12-08 00:29:53,3,1607.8
2025-12-08 00:29:54,3,1593.2
2025-12-08 00:29:55,3,1609.0
2025-12-08 00:29:56,3,1598.3
2025-12-08 00:29:57,3,1561.4
2025-12-08 00:29:58,3,1556.2
2025-12-08 00:29:59,3,1552.6
2025-12-08 00:30:00,3,724.9
2025-12-08 00:30:01,3,740.0
2025-12-08 00:30:02,3,749.2
2025-12-08 00:30:03,3,738.3
2025-12-08 00:30:04,3,746.2
2025-12-08 00:30:05,3,710.3
2025-12-08 00:30:06,3,740.0
2025-12-08 00:30:07,3,743.4
2025-12-08 00:30:08,3,735.0
2025-12-08 00:30:09,3,741.8
2025-12-08 00:30:10,3,732.5
2025-12-08 00:30:11,3,723.1
2025-12-08 00:30:12,3,723.9
2025-12-08 00:30:13,3,729.9
2025-12-08 00:30:14,3,752.5
2025-12-08 00:30:15,3,722.5
2025-12-08 00:30:16,3,737.5
2025-12-08 00:30:17,3,723.7
2025-12-08 00:30:18,3,736.0
2025-12-08 00:30:19,3,753.4
2025-12-08 00:30:20,3,746.0
2025-12-08 00:30:21,3,745.2
2025-12-08 00:30:22,3,741.4
2025-12-08 00:30:23,3,739.5
2025-12-08 00:30:24,3,710.2
2025-12-08 00:30:25,3,727.9
2025-12-08 00:30:26,3,730.4
2025-12-08 00:30:27,3,770.8
2025-12-08 00:30:28,3,727.7
2025-12-08 00:30:29,3,717.6
2025-12-08 00:30:30,3,715.0
2025-12-08 00:30:31,3,723.6
2025-12-08 00:30:32,3,741.4
2025-12-08 00:30:33,3,883.9
2025-12-08 00:30:34,3,820.9
2025-12-08 00:30:35,3,849.7
2025-12-08 00:30:36,3,837.2
2025-12-08 00:30:37,3,746.0
2025-12-08 00:30:38,3,817.1
2025-12-08 00:30:39,3,884.2
2025-12-08 00:30:40,3,839.3
2025-12-08 00:30:41,3,850.5
2025-12-08 00:30:42,3,781.8
2025-12-08 00:30:43,3,763.8
2025-12-08 00:30:44,3,847.1
2025-12-08 00:30:45,3,828.5
2025-12-08 00:30:46,3,826.5
2025-12-08 00:30:47,3,822.1
2025-12-08 00:30:48,3,822.6
2025-12-08 00:30:49,3,832.7
2025-12-08 00:30:50,3,844.7
2025-12-08 00:30:51,3,854.2
2025-12-08 00:30:52,3,753.6
2025-12-08 00:30:53,3,767.7
2025-12-08 00:30:54,3,750.6
2025-12-08 00:30:55,3,767.3
2025-12-08 00:30:56,3,762.8
2025-12-08 00:30:57,3,757.3
2025-12-08 00:30:58,3,779.3
2025-12-08 00:30:59,3,773.0
2025-12-08 00:31:00,3,1266.3
2025-12-08 00:31:01,3,1288.7
2025-12-08 00:31:02,3,1284.4
2025-12-08 00:31:03,3,1262.7
2025-12-08 00:31:04,3,1303.3
2025-12-08 00:31:05,3,1081.3
2025-12-08 00:31:06,3,1234.2
2025-12-08 00:31:07,3,1055.0
2025-12-08 00:31:08,3,1044.3
2025-12-08 00:31:09,3,1138.1
2025-12-08 00:31:10,3,1050.9
2025-12-08 00:31:11,3,1143.3
2025-12-08 00:31:12,3,1164.2
2025-12-08 00:31:13,3,1160.3
2025-12-08 00:31:14,3,1201.2
2025-12-08 00:31:15,3,1210.0
2025-12-08 00:31:16,3,1243.6
2025-12-08 00:31:17,3,1253.6
2025-12-08 00:31:18,3,1290.1
2025-12-08 00:31:19,3,1292.9
2025-12-08 00:31:20,3,1321.8
2025-12-08 00:31:21,3,1305.2
2025-12-08 00:31:22,3,1290.1
2025-12-08 00:31:23,3,1281.1
2025-12-08 00:31:24,3,1316.8
2025-12-08 00:31:25,3,1295.5
2025-12-08 00:31:26,3,1300.4
2025-12-08 00:31:27,3,1313.0
2025-12-08 00:31:28,3,1346.8
2025-12-08 00:31:29,3,1330.8
2025-12-08 00:31:30,3,1311.1
2025-12-08 00:31:31,3,1333.6
2025-12-08 00:31:32,3,1305.6
2025-12-08 00:31:33,3,1302.7
2025-12-08 00:31:34,3,1316.5
2025-12-08 00:31:35,3,1309.1
2025-12-08 00:31:36,3,1311.8
2025-12-08 00:31:37,3,1306.9
2025-12-08 00:31:38,3,1310.8
2025-12-08 00:31:39,3,1296.7
2025-12-08 00:31:40,3,1302.4
2025-12-08 00:31:41,3,1318.3
2025-12-08 00:31:42,3,1311.6
2025-12-08 00:31:43,3,1319.2
2025-12-08 00:31:44,3,1324.2
2025-12-08 00:31:45,3,1335.0
2025-12-08 00:31:46,3,1339.8
2025-12-08 00:31:47,3,1330.4
2025-12-08 00:31:48,3,1340.0
2025-12-08 00:31:49,3,1341.3
2025-12-08 00:31:50,3,1339.9
2025-12-08 00:31:51,3,1352.2
2025-12-08 00:31:52,3,1324.4
2025-12-08 00:31:53,3,1343.8
2025-12-08 00:31:54,3,1332.6
2025-12-08 00:31:55,3,1344.8
2025-12-08 00:31:56,3,1315.7
2025-12-08 00:31:57,3,1333.7
2025-12-08 00:31:58,3,1332.2
2025-12-08 00:31:59,3,1384.5
2025-12-08 00:32:00,3,1327.7
2025-12-08 00:32:01,3,1340.9
2025-12-08 00:32:02,3,1347.0
2025-12-08 00:32:03,3,1353.5
2025-12-08 00:32:04,3,1344.2
2025-12-08 00:32:05,3,1331.4
2025-12-08 00:32:06,3,1347.3
2025-12-08 00:32:07,3,1329.9
2025-12-08 00:32:08,3,1328.7
2025-12-08 00:32:09,3,1335.1
2025-12-08 00:32:10,3,1341.9
2025-12-08 00:32:11,3,1338.0
2025-12-08 00:32:12,3,1354.7
2025-12-08 00:32:13,3,1333.8
2025-12-08 00:32:14,3,1347.2
2025-12-08 00:32:15,3,1360.3
2025-12-08 00:32:16,3,1301.4
2025-12-08 00:32:17,3,1324.7
2025-12-08 00:32:18,3,1327.7
2025-12-08 00:32:19,3,1338.8
2025-12-08 00:32:20,3,1353.3
2025-12-08 00:32:21,3,1332.8
2025-12-08 00:32:22,3,1339.9
2025-12-08 00:32:23,3,1346.5
2025-12-08 00:32:24,3,1340.0
2025-12-08 00:32:25,3,1335.0
2025-12-08 00:32:26,3,1350.9
2025-12-08 00:32:27,3,1350.4
2025-12-08 00:32:28,3,1353.8
2025-12-08 00:32:29,3,1341.4
2025-12-08 00:32:30,3,1349.1
2025-12-08 00:32:31,3,1341.0
2025-12-08 00:32:32,3,1337.5
2025-12-08 00:32:33,3,1347.7
2025-12-08 00:32:34,3,1337.8
2025-12-08 00:32:35,3,1349.1
2025-12-08 00:32:36,3,1330.3
2025-12-08 00:32:37,3,1333.7
2025-12-08 00:32:38,3,1309.9
2025-12-08 00:32:39,3,1323.8
2025-12-08 00:32:40,3,1328.4
2025-12-08 00:32:41,3,1347.2
2025-12-08 00:32:42,3,1336.0
2025-12-08 00:32:43,3,1327.5
2025-12-08 00:32:44,3,1339.3
2025-12-08 00:32:45,3,1313.5
2025-12-08 00:32:46,3,1321.6
2025-12-08 00:32:47,3,1335.5
2025-12-08 00:32:48,3,1337.1
2025-12-08 00:32:49,3,1321.2
2025-12-08 00:32:50,3,1319.0
2025-12-08 00:32:51,3,1350.7
2025-12-08 00:32:52,3,1363.0
2025-12-08 00:32:53,3,1334.3
2025-12-08 00:32:54,3,1330.0
2025-12-08 00:32:55,3,1332.4
2025-12-08 00:32:56,3,1330.3
2025-12-08 00:32:57,3,1364.4
2025-12-08 00:32:58,3,1326.7
2025-12-08 00:32:59,3,1339.1
2025-12-08 00:33:00,3,1449.6
2025-12-08 00:33:01,3,1439.7
2025-12-08 00:33:02,3,1464.4
2025-12-08 00:33:03,3,1427.5
2025-12-08 00:33:04,3,1437.7
2025-12-08 00:33:05,3,1440.6
2025-12-08 00:33:06,3,1422.5
2025-12-08 00:33:07,3,1434.3
2025-12-08 00:33:08,3,1437.1
2025-12-08 00:33:09,3,1450.5
2025-12-08 00:33:10,3,1428.9
2025-12-08 00:33:11,3,1427.0
2025-12-08 00:33:12,3,1455.1
2025-12-08 00:33:13,3,1421.6
2025-12-08 00:33:14,3,1427.9
2025-12-08 00:33:15,3,1444.3
2025-12-08 00:33:16,3,1433.1
2025-12-08 00:33:17,3,1457.9
2025-12-08 00:33:18,3,1437.7
2025-12-08 00:33:19,3,1326.1
2025-12-08 00:33:20,3,1344.6
2025-12-08 00:33:21,3,1346.4
2025-12-08 00:33:22,3,1333.2
2025-12-08 00:33:23,3,1441.0
2025-12-08 00:33:24,3,1437.6
2025-12-08 00:33:25,3,1435.1
2025-12-08 00:33:26,3,1430.4
2025-12-08 00:33:27,3,1433.2
2025-12-08 00:33:28,3,1437.8
2025-12-08 00:33:29,3,1450.3
2025-12-08 00:33:30,3,1426.1
2025-12-08 00:33:31,3,1435.5
2025-12-08 00:33:32,3,1448.6
2025-12-08 00:33:33,3,1469.7
2025-12-08 00:33:34,3,1448.7
2025-12-08 00:33:35,3,1480.2
2025-12-08 00:33:36,3,1435.1
2025-12-08 00:33:37,3,1422.9
2025-12-08 00:33:38,3,1438.6
2025-12-08 00:33:39,3,1436.0
2025-12-08 00:33:40,3,1451.6
2025-12-08 00:33:41,3,1448.6
2025-12-08 00:33:42,3,1465.8
2025-12-08 00:33:43,3,1447.2
2025-12-08 00:33:44,3,1435.9
2025-12-08 00:33:45,3,1446.2
2025-12-08 00:33:46,3,1451.3
2025-12-08 00:33:47,3,1438.0
2025-12-08 00:33:48,3,1447.2
2025-12-08 00:33:49,3,1446.9
2025-12-08 00:33:50,3,1432.3
2025-12-08 00:33:51,3,1447.0
2025-12-08 00:33:52,3,1424.2
2025-12-08 00:33:53,3,1442.1
2025-12-08 00:33:54,3,1434.7
2025-12-08 00:33:55,3,1427.4
2025-12-08 00:33:56,3,1459.7
2025-12-08 00:33:57,3,1524.5
2025-12-08 00:33:58,3,1522.6
2025-12-08 00:33:59,3,1493.8
2025-12-08 00:34:00,3,1545.3
2025-12-08 00:34:01,3,1568.3
2025-12-08 00:34:02,3,1552.5
2025-12-08 00:34:03,3,1538.8
2025-12-08 00:34:04,3,1565.5
2025-12-08 00:34:05,3,1543.5
2025-12-08 00:34:06,3,1540.5
2025-12-08 00:34:07,3,1548.5
2025-12-08 00:34:08,3,1543.8
2025-12-08 00:34:09,3,1551.9
2025-12-08 00:34:10,3,1541.3
2025-12-08 00:34:11,3,1551.0
2025-12-08 00:34:12,3,1558.4
2025-12-08 00:34:13,3,1495.0
2025-12-08 00:34:14,3,1499.5
2025-12-08 00:34:15,3,1520.6
2025-12-08 00:34:16,3,1552.4
2025-12-08 00:34:17,3,1536.5
2025-12-08 00:34:18,3,1566.3
2025-12-08 00:34:19,3,1545.2
2025-12-08 00:34:20,3,1544.7
2025-12-08 00:34:21,3,1546.5
2025-12-08 00:34:22,3,1542.4
2025-12-08 00:34:23,3,1544.8
2025-12-08 00:34:24,3,1500.9
2025-12-08 00:34:25,3,1508.0
2025-12-08 00:34:26,3,1499.2
2025-12-08 00:34:27,3,1512.1
2025-12-08 00:34:28,3,1509.7
2025-12-08 00:34:29,3,1530.5
2025-12-08 00:34:30,3,1477.6
2025-12-08 00:34:31,3,1511.2
2025-12-08 00:34:32,3,1554.2
2025-12-08 00:34:33,3,1550.2
2025-12-08 00:34:34,3,1543.9
2025-12-08 00:34:35,3,1571.6
2025-12-08 00:34:36,3,1549.9
2025-12-08 00:34:37,3,1553.6
2025-12-08 00:34:38,3,1550.0
2025-12-08 00:34:39,3,1540.8
2025-12-08 00:34:40,3,1550.5
2025-12-08 00:34:41,3,1547.7
2025-12-08 00:34:42,3,1560.9
2025-12-08 00:34:43,3,1564.6
2025-12-08 00:34:44,3,1566.8
2025-12-08 00:34:45,3,1555.6
2025-12-08 00:34:46,3,1549.5
2025-12-08 00:34:47,3,1542.5
2025-12-08 00:34:48,3,1617.3
2025-12-08 00:34:49,3,1586.5
2025-12-08 00:34:50,3,1619.5
2025-12-08 00:34:51,3,1609.0
2025-12-08 00:34:52,3,1600.4
2025-12-08 00:34:53,3,1591.1
2025-12-08 00:34:54,3,1601.9
2025-12-08 00:34:55,3,1592.7
2025-12-08 00:34:56,3,1598.3
2025-12-08 00:34:57,3,1550.4
2025-12-08 00:34:58,3,1555.9
2025-12-08 00:34:59,3,1536.6
2025-12-08 00:35:00,3,734.2
2025-12-08 00:35:01,3,733.8
2025-12-08 00:35:02,3,760.3
2025-12-08 00:35:03,3,697.3
2025-12-08 00:35:04,3,739.7
2025-12-08 00:35:05,3,751.3
2025-12-08 00:35:06,3,713.4
2025-12-08 00:35:07,3,732.9
2025-12-08 00:35:08,3,716.5
2025-12-08 00:35:09,3,729.3
2025-12-08 00:35:10,3,722.0
2025-12-08 00:35:11,3,737.8
2025-12-08 00:35:12,3,740.1
2025-12-08 00:35:13,3,739.9
2025-12-08 00:35:14,3,725.8
2025-12-08 00:35:15,3,722.8
2025-12-08 00:35:16,3,738.2
2025-12-08 00:35:17,3,730.2
2025-12-08 00:35:18,3,724.8
2025-12-08 00:35:19,3,753.4
2025-12-08 00:35:20,3,735.5
2025-12-08 00:35:21,3,742.9
2025-12-08 00:35:22,3,717.3
2025-12-08 00:35:23,3,716.9
2025-12-08 00:35:24,3,722.6
2025-12-08 00:35:25,3,719.6
2025-12-08 00:35:26,3,722.5
2025-12-08 00:35:27,3,741.5
2025-12-08 00:35:28,3,728.8
2025-12-08 00:35:29,3,733.2
2025-12-08 00:35:30,3,721.1
2025-12-08 00:35:31,3,716.6
2025-12-08 00:35:32,3,729.4
2025-12-08 00:35:33,3,876.7
2025-12-08 00:35:34,3,841.0
2025-12-08 00:35:35,3,851.5
2025-12-08 00:35:36,3,859.3
2025-12-08 00:35:37,3,746.4
2025-12-08 00:35:38,3,840.6
2025-12-08 00:35:39,3,890.2
2025-12-08 00:35:40,3,847.0
2025-12-08 00:35:41,3,881.2
2025-12-08 00:35:42,3,769.6
2025-12-08 00:35:43,3,765.0
2025-12-08 00:35:44,3,831.6
2025-12-08 00:35:45,3,836.5
2025-12-08 00:35:46,3,852.4
2025-12-08 00:35:47,3,831.7
2025-12-08 00:35:48,3,843.5
2025-12-08 00:35:49,3,834.7
2025-12-08 00:35:50,3,839.1
2025-12-08 00:35:51,3,832.6
2025-12-08 00:35:52,3,773.9
2025-12-08 00:35:53,3,779.0
2025-12-08 00:35:54,3,792.7
2025-12-08 00:35:55,3,764.5
2025-12-08 00:35:56,3,757.3
2025-12-08 00:35:57,3,766.3
2025-12-08 00:35:58,3,782.5
2025-12-08 00:35:59,3,768.7
2025-12-08 00:36:00,3,1275.0
2025-12-08 00:36:01,3,1250.1
2025-12-08 00:36:02,3,1269.0
2025-12-08 00:36:03,3,1265.2
2025-12-08 00:36:04,3,1295.8
2025-12-08 00:36:05,3,1085.4
2025-12-08 00:36:06,3,1270.8
2025-12-08 00:36:07,3,1066.4
2025-12-08 00:36:08,3,1053.8
2025-12-08 00:36:09,3,1145.4
2025-12-08 00:36:10,3,1057.3
2025-12-08 00:36:11,3,1133.1
2025-12-08 00:36:12,3,1151.9
2025-12-08 00:36:13,3,1157.0
2025-12-08 00:36:14,3,1212.7
2025-12-08 00:36:15,3,1228.1
2025-12-08 00:36:16,3,1237.0
2025-12-08 00:36:17,3,1265.2
2025-12-08 00:36:18,3,1282.4
2025-12-08 00:36:19,3,1285.7
2025-12-08 00:36:20,3,1324.4
2025-12-08 00:36:21,3,1328.8
2025-12-08 00:36:22,3,1299.9
2025-12-08 00:36:23,3,1317.6
2025-12-08 00:36:24,3,1308.9
2025-12-08 00:36:25,3,1298.7
2025-12-08 00:36:26,3,1297.1
2025-12-08 00:36:27,3,1296.4
2025-12-08 00:36:28,3,1290.2
2025-12-08 00:36:29,3,1329.2
2025-12-08 00:36:30,3,1309.5
2025-12-08 00:36:31,3,1281.4
2025-12-08 00:36:32,3,1295.3
2025-12-08 00:36:33,3,1314.5
2025-12-08 00:36:34,3,1307.2
2025-12-08 00:36:35,3,1312.2
2025-12-08 00:36:36,3,1333.0
2025-12-08 00:36:37,3,1314.5
2025-12-08 00:36:38,3,1311.0
2025-12-08 00:36:39,3,1314.0
2025-12-08 00:36:40,3,1312.3
2025-12-08 00:36:41,3,1312.0
2025-12-08 00:36:42,3,1319.8
2025-12-08 00:36:43,3,1318.5
2025-12-08 00:36:44,3,1339.8
2025-12-08 00:36:45,3,1324.9
2025-12-08 00:36:46,3,1331.9
2025-12-08 00:36:47,3,1329.1
2025-12-08 00:36:48,3,1334.3
2025-12-08 00:36:49,3,1346.7
2025-12-08 00:36:50,3,1343.2
2025-12-08 00:36:51,3,1343.0
2025-12-08 00:36:52,3,1345.4
2025-12-08 00:36:53,3,1339.1
2025-12-08 00:36:54,3,1349.2
2025-12-08 00:36:55,3,1332.6
2025-12-08 00:36:56,3,1344.5
2025-12-08 00:36:57,3,1344.6
2025-12-08 00:36:58,3,1347.7
2025-12-08 00:36:59,3,1343.2
2025-12-08 00:37:00,3,1334.8
2025-12-08 00:37:01,3,1355.1
2025-12-08 00:37:02,3,1329.3
2025-12-08 00:37:03,3,1334.0
2025-12-08 00:37:04,3,1343.9
2025-12-08 00:37:05,3,1335.4
2025-12-08 00:37:06,3,1322.7
2025-12-08 00:37:07,3,1354.8
2025-12-08 00:37:08,3,1332.3
2025-12-08 00:37:09,3,1326.8
2025-12-08 00:37:10,3,1344.5
2025-12-08 00:37:11,3,1358.9
2025-12-08 00:37:12,3,1340.7
2025-12-08 00:37:13,3,1318.5
2025-12-08 00:37:14,3,1322.3
2025-12-08 00:37:15,3,1348.1
2025-12-08 00:37:16,3,1329.8
2025-12-08 00:37:17,3,1317.0
2025-12-08 00:37:18,3,1350.1
2025-12-08 00:37:19,3,1331.8
2025-12-08 00:37:20,3,1353.4
2025-12-08 00:37:21,3,1339.4
2025-12-08 00:37:22,3,1356.4
2025-12-08 00:37:23,3,1339.9
2025-12-08 00:37:24,3,1348.0
2025-12-08 00:37:25,3,1337.9
2025-12-08 00:37:26,3,1350.5
2025-12-08 00:37:27,3,1345.2
2025-12-08 00:37:28,3,1354.3
2025-12-08 00:37:29,3,1322.0
2025-12-08 00:37:30,3,1332.4
2025-12-08 00:37:31,3,1334.0
2025-12-08 00:37:32,3,1349.7
2025-12-08 00:37:33,3,1334.9
2025-12-08 00:37:34,3,1330.2
2025-12-08 00:37:35,3,1358.4
2025-12-08 00:37:36,3,1341.6
2025-12-08 00:37:37,3,1353.3
2025-12-08 00:37:38,3,1336.9
2025-12-08 00:37:39,3,1345.3
2025-12-08 00:37:40,3,1317.4
2025-12-08 00:37:41,3,1331.7
2025-12-08 00:37:42,3,1324.2
2025-12-08 00:37:43,3,1337.8
2025-12-08 00:37:44,3,1332.0
2025-12-08 00:37:45,3,1321.2
2025-12-08 00:37:46,3,1331.7
2025-12-08 00:37:47,3,1316.2
2025-12-08 00:37:48,3,1319.5
2025-12-08 00:37:49,3,1318.5
2025-12-08 00:37:50,3,1321.9
2025-12-08 00:37:51,3,1312.7
2025-12-08 00:37:52,3,1333.3
2025-12-08 00:37:53,3,1348.6
2025-12-08 00:37:54,3,1345.2
2025-12-08 00:37:55,3,1327.0
2025-12-08 00:37:56,3,1307.7
2025-12-08 00:37:57,3,1322.2
2025-12-08 00:37:58,3,1332.2
2025-12-08 00:37:59,3,1328.8
2025-12-08 00:38:00,3,1438.1
2025-12-08 00:38:01,3,1426.3
2025-12-08 00:38:02,3,1422.7
2025-12-08 00:38:03,3,1440.8
2025-12-08 00:38:04,3,1440.0
2025-12-08 00:38:05,3,1444.9
2025-12-08 00:38:06,3,1425.9
2025-12-08 00:38:07,3,1450.2
2025-12-08 00:38:08,3,1461.6
2025-12-08 00:38:09,3,1436.1
2025-12-08 00:38:10,3,1444.3
2025-12-08 00:38:11,3,1472.5
2025-12-08 00:38:12,3,1445.0
2025-12-08 00:38:13,3,1438.6
2025-12-08 00:38:14,3,1425.5
2025-12-08 00:38:15,3,1431.3
2025-12-08 00:38:16,3,1443.4
2025-12-08 00:38:17,3,1452.6
2025-12-08 00:38:18,3,1433.8
2025-12-08 00:38:19,3,1322.7
2025-12-08 00:38:20,3,1326.2
2025-12-08 00:38:21,3,1339.3
2025-12-08 00:38:22,3,1330.8
2025-12-08 00:38:23,3,1425.5
2025-12-08 00:38:24,3,1444.3
2025-12-08 00:38:25,3,1455.6
2025-12-08 00:38:26,3,1413.1
2025-12-08 00:38:27,3,1428.6
2025-12-08 00:38:28,3,1423.6
2025-12-08 00:38:29,3,1448.8
2025-12-08 00:38:30,3,1416.8
2025-12-08 00:38:31,3,1456.3
2025-12-08 00:38:32,3,1458.9
2025-12-08 00:38:33,3,1460.4
2025-12-08 00:38:34,3,1456.5
2025-12-08 00:38:35,3,1439.6
2025-12-08 00:38:36,3,1420.4
2025-12-08 00:38:37,3,1445.8
2025-12-08 00:38:38,3,1446.7
2025-12-08 00:38:39,3,1435.7
2025-12-08 00:38:40,3,1447.6
2025-12-08 00:38:41,3,1424.6
2025-12-08 00:38:42,3,1440.7
2025-12-08 00:38:43,3,1437.2
2025-12-08 00:38:44,3,1439.1
2025-12-08 00:38:45,3,1441.7
2025-12-08 00:38:46,3,1442.9
2025-12-08 00:38:47,3,1420.2
2025-12-08 00:38:48,3,1437.0
2025-12-08 00:38:49,3,1421.4
2025-12-08 00:38:50,3,1445.4
2025-12-08 00:38:51,3,1440.1
2025-12-08 00:38:52,3,1429.9
2025-12-08 00:38:53,3,1435.9
2025-12-08 00:38:54,3,1439.7
2025-12-08 00:38:55,3,1448.2
2025-12-08 00:38:56,3,1481.6
2025-12-08 00:38:57,3,1532.7
2025-12-08 00:38:58,3,1512.3
2025-12-08 00:38:59,3,1515.3
2025-12-08 00:39:00,3,1557.5
2025-12-08 00:39:01,3,1559.9
2025-12-08 00:39:02,3,1544.4
2025-12-08 00:39:03,3,1540.8
2025-12-08 00:39:04,3,1550.6
2025-12-08 00:39:05,3,1558.6
2025-12-08 00:39:06,3,1559.8
2025-12-08 00:39:07,3,1550.6
2025-12-08 00:39:08,3,1556.0
2025-12-08 00:39:09,3,1545.4
2025-12-08 00:39:10,3,1544.8
2025-12-08 00:39:11,3,1545.5
2025-12-08 00:39:12,3,1552.6
2025-12-08 00:39:13,3,1510.5
2025-12-08 00:39:14,3,1515.1
2025-12-08 00:39:15,3,1507.2
2025-12-08 00:39:16,3,1559.2
2025-12-08 00:39:17,3,1549.0
2025-12-08 00:39:18,3,1552.0
2025-12-08 00:39:19,3,1545.7
2025-12-08 00:39:20,3,1562.1
2025-12-08 00:39:21,3,1556.8
2025-12-08 00:39:22,3,1553.0
2025-12-08 00:39:23,3,1543.1
2025-12-08 00:39:24,3,1513.7
2025-12-08 00:39:25,3,1531.8
2025-12-08 00:39:26,3,1501.6
2025-12-08 00:39:27,3,1525.7
2025-12-08 00:39:28,3,1512.1
2025-12-08 00:39:29,3,1539.2
2025-12-08 00:39:30,3,1521.9
2025-12-08 00:39:31,3,1523.8
2025-12-08 00:39:32,3,1558.8
2025-12-08 00:39:33,3,1548.1
2025-12-08 00:39:34,3,1557.2
2025-12-08 00:39:35,3,1534.1
2025-12-08 00:39:36,3,1539.7
2025-12-08 00:39:37,3,1563.9
2025-12-08 00:39:38,3,1549.8
2025-12-08 00:39:39,3,1537.6
2025-12-08 00:39:40,3,1551.4
2025-12-08 00:39:41,3,1562.8
2025-12-08 00:39:42,3,1552.6
2025-12-08 00:39:43,3,1569.6
2025-12-08 00:39:44,3,1527.2
2025-12-08 00:39:45,3,1561.7
2025-12-08 00:39:46,3,1558.6
2025-12-08 00:39:47,3,1548.5
2025-12-08 00:39:48,3,1623.9
2025-12-08 00:39:49,3,1583.9
2025-12-08 00:39:50,3,1621.3
2025-12-08 00:39:51,3,1604.4
2025-12-08 00:39:52,3,1600.9
2025-12-08 00:39:53,3,1598.4
2025-12-08 00:39:54,3,1590.3
2025-12-08 00:39:55,3,1582.7
2025-12-08 00:39:56,3,1607.6
2025-12-08 00:39:57,3,1548.4
2025-12-08 00:39:58,3,1557.7
2025-12-08 00:39:59,3,1532.8
